Series Name,Series Code,Country Name,Country Code,1990 [YR1990],1991 [YR1991],1992 [YR1992],1993 [YR1993],1994 [YR1994],1995 [YR1995],1996 [YR1996],1997 [YR1997],1998 [YR1998],1999 [YR1999],2000 [YR2000],2001 [YR2001],2002 [YR2002],2003 [YR2003],2004 [YR2004],2005 [YR2005],2006 [YR2006],2007 [YR2007],2008 [YR2008],2009 [YR2009],2010 [YR2010],2011 [YR2011],2012 [YR2012],2013 [YR2013],2014 [YR2014],2015 [YR2015],2016 [YR2016],2017 [YR2017],2018 [YR2018],2019 [YR2019],2020 [YR2020],2021 [YR2021],2022 [YR2022],2023 [YR2023],2024 [YR2024]
Prevalence of undernourishment (% of population),SN.ITK.DEFC.ZS,Afghanistan,AFG,..,..,..,..,..,..,..,..,..,..,..,45.8,43.5,38.7,34.6,30.6,26.6,22.7,19.7,17.6,17.7,18.6,19.7,19.4,19.3,19.9,20.4,21.3,22.6,25.1,27.5,28.8,28.9,28.1,..
Prevalence of undernourishment (% of population),SN.ITK.DEFC.ZS,Albania,ALB,..,..,..,..,..,..,..,..,..,..,..,4.8,5.9,7.3,8.5,8.8,8.7,8.2,7.3,6.1,5.4,4.9,4.6,4.6,4.6,4.5,4.4,4.3,4.3,4.3,5.4,5.8,6.2,5.4,..
Prevalence of undernourishment (% of population),SN.ITK.DEFC.ZS,Algeria,DZA,..,..,..,..,..,..,..,..,..,..,..,7.3,6.7,6.4,6.4,6.1,5.8,5.3,5,4.7,4.1,3.7,3.1,2.9,2.7,2.6,2.6,2.5,2.5,2.5,2.5,2.5,2.5,2.5,..
Prevalence of undernourishment (% of population),SN.ITK.DEFC.ZS,American Samoa,ASM,..,..,..,..,..,..,..,..,..,..,..,..,..,..,..,..,..,..,..,..,..,..,..,..,..,..,..,..,..,..,..,..,..,..,..
Prevalence of undernourishment (% of population),SN.ITK.DEFC.ZS,Andorra,AND,..,..,..,..,..,..,..,..,..,..,..,..,..,..,..,..,..,..,..,..,..,..,..,..,..,..,..,..,..,..,..,..,..,..,..
Prevalence of undernourishment (% of population),SN.ITK.DEFC.ZS,Angola,AGO,..,..,..,..,..,..,..,..,..,..,..,67.8,63.6,57.5,50.6,42.9,36,29.8,24.4,19.7,16.2,14.8,14,13.5,13.2,14.2,15.2,15.4,15.9,18.2,20.8,22.6,23.1,22.5,..
Prevalence of undernourishment (% of population),SN.ITK.DEFC.ZS,Antigua and Barbuda,ATG,..,..,..,..,..,..,..,..,..,..,..,..,..,..,..,..,..,..,..,..,..,..,..,..,..,..,..,..,..,..,..,..,..,..,..
Prevalence of undernourishment (% of population),SN.ITK.DEFC.ZS,Argentina,ARG,..,..,..,..,..,..,..,..,..,..,..,3,3.7,4.3,3.9,3.6,3.3,3.2,3.2,3.4,3.7,3.7,3.6,3.2,2.9,2.9,3.2,3.5,3.7,3.6,3.5,3.4,3.3,3.4,..
Prevalence of undernourishment (% of population),SN.ITK.DEFC.ZS,Armenia,ARM,..,..,..,..,..,..,..,..,..,..,..,28.6,26.9,23.5,18.4,14.8,10.9,7.7,5.1,3.2,2.5,2.5,2.5,2.5,2.5,2.5,2.5,2.5,2.5,2.5,2.5,2.5,2.5,2.5,..
Prevalence of undernourishment (% of population),SN.ITK.DEFC.ZS,Aruba,ABW,..,..,..,..,..,..,..,..,..,..,..,..,..,..,..,..,..,..,..,..,..,..,..,..,..,..,..,..,..,..,..,..,..,..,..
Prevalence of undernourishment (% of population),SN.ITK.DEFC.ZS,Australia,AUS,..,..,..,..,..,..,..,..,..,..,..,2.5,2.5,2.5,2.5,2.5,2.5,2.5,2.5,2.5,2.5,2.5,2.5,2.5,2.5,2.5,2.5,2.5,2.5,2.5,2.5,2.5,2.5,2.5,..
Prevalence of undernourishment (% of population),SN.ITK.DEFC.ZS,Austria,AUT,..,..,..,..,..,..,..,..,..,..,..,2.5,2.5,2.5,2.5,2.5,2.5,2.5,2.5,2.5,2.5,2.5,2.5,2.5,2.5,2.5,2.5,2.5,2.5,2.5,2.5,2.5,2.5,2.5,..
Prevalence of undernourishment (% of population),SN.ITK.DEFC.ZS,Azerbaijan,AZE,..,..,..,..,..,..,..,..,..,..,..,17.8,14.4,11.4,8.2,5.3,3.1,2.5,2.5,2.5,2.5,2.5,2.5,2.5,2.5,2.5,2.5,2.5,2.5,2.5,2.5,2.5,2.5,2.5,..
Prevalence of undernourishment (% of population),SN.ITK.DEFC.ZS,"Bahamas, The",BHS,..,..,..,..,..,..,..,..,..,..,..,..,..,..,..,..,..,..,..,..,..,..,..,..,..,..,..,..,..,..,..,..,..,..,..
Prevalence of undernourishment (% of population),SN.ITK.DEFC.ZS,Bahrain,BHR,..,..,..,..,..,..,..,..,..,..,..,..,..,..,..,..,..,..,..,..,..,..,..,..,..,..,..,..,..,..,..,..,..,..,..
Prevalence of undernourishment (% of population),SN.ITK.DEFC.ZS,Bangladesh,BGD,..,..,..,..,..,..,..,..,..,..,..,15.5,14.6,14.8,14.7,15.1,15.4,16.1,16.9,17.9,18.2,18,17.3,16.7,15.6,15.2,14.4,13.4,12,10.9,10.8,10.3,10.6,10.4,..
Prevalence of undernourishment (% of population),SN.ITK.DEFC.ZS,Barbados,BRB,..,..,..,..,..,..,..,..,..,..,..,6.8,6.4,6,5.3,4.7,4.1,3.6,3.1,2.6,2.5,2.5,2.5,2.5,2.5,2.5,2.5,2.5,2.5,2.8,3.4,4,4.2,4.4,..
Prevalence of undernourishment (% of population),SN.ITK.DEFC.ZS,Belarus,BLR,..,..,..,..,..,..,..,..,..,..,..,2.7,3.7,4.4,4.5,3.4,2.5,2.5,2.5,2.5,2.5,2.5,2.5,2.5,2.5,2.5,2.5,2.5,2.5,2.5,2.5,2.5,2.5,2.5,..
Prevalence of undernourishment (% of population),SN.ITK.DEFC.ZS,Belgium,BEL,..,..,..,..,..,..,..,..,..,..,..,2.5,2.5,2.5,2.5,2.5,2.5,2.5,2.5,2.5,2.5,2.5,2.5,2.5,2.5,2.5,2.5,2.5,2.5,2.5,2.5,2.5,2.5,2.5,..
Prevalence of undernourishment (% of population),SN.ITK.DEFC.ZS,Belize,BLZ,..,..,..,..,..,..,..,..,..,..,..,5.7,5.4,5.2,5.1,5,4.9,4.9,4.8,4.7,4.9,5.1,5.5,6,6.4,6.5,6.1,5.8,5.3,5,5,5.1,5.8,7,..
Prevalence of undernourishment (% of population),SN.ITK.DEFC.ZS,Benin,BEN,..,..,..,..,..,..,..,..,..,..,..,14.3,12.8,11.2,10.4,9.2,8.9,8.5,8.2,8.7,9.1,9.6,9.4,9.2,9.2,9.1,9.7,10.5,11.4,11.8,11.7,12.5,13.3,14.3,..
Prevalence of undernourishment (% of population),SN.ITK.DEFC.ZS,Bermuda,BMU,..,..,..,..,..,..,..,..,..,..,..,..,..,..,..,..,..,..,..,..,..,..,..,..,..,..,..,..,..,..,..,..,..,..,..
Prevalence of undernourishment (% of population),SN.ITK.DEFC.ZS,Bhutan,BTN,..,..,..,..,..,..,..,..,..,..,..,..,..,..,..,..,..,..,..,..,..,..,..,..,..,..,..,..,..,..,..,..,..,..,..
Prevalence of undernourishment (% of population),SN.ITK.DEFC.ZS,Bolivia,BOL,..,..,..,..,..,..,..,..,..,..,..,26.6,25.8,26.6,27.2,27.6,26,24.5,23,21.4,19.9,18.8,18.1,18,17.2,16.1,14.9,14.2,13.7,13.6,16,19.1,21.6,21.8,..
Prevalence of undernourishment (% of population),SN.ITK.DEFC.ZS,Bosnia and Herzegovina,BIH,..,..,..,..,..,..,..,..,..,..,..,3.6,3.3,2.8,2.5,2.5,2.5,2.5,2.5,2.5,2.5,2.5,2.5,2.5,2.5,2.5,2.5,2.5,2.5,2.5,2.5,2.5,2.5,2.5,..
Prevalence of undernourishment (% of population),SN.ITK.DEFC.ZS,Botswana,BWA,..,..,..,..,..,..,..,..,..,..,..,28.1,28.5,29,28.1,26.9,26.6,26.3,26,24.8,23.3,22,21.3,20.8,20.1,20.3,20.9,22.1,22.1,22.8,22.8,22.9,22.5,24,..
Prevalence of undernourishment (% of population),SN.ITK.DEFC.ZS,Brazil,BRA,..,..,..,..,..,..,..,..,..,..,..,10.5,9.1,7.6,6.3,5.7,5.1,4.5,4,3.5,3,2.7,2.5,2.5,2.5,2.5,2.5,2.5,2.5,2.5,2.8,3.4,3.2,2.5,..
Prevalence of undernourishment (% of population),SN.ITK.DEFC.ZS,British Virgin Islands,VGB,..,..,..,..,..,..,..,..,..,..,..,..,..,..,..,..,..,..,..,..,..,..,..,..,..,..,..,..,..,..,..,..,..,..,..
Prevalence of undernourishment (% of population),SN.ITK.DEFC.ZS,Brunei Darussalam,BRN,..,..,..,..,..,..,..,..,..,..,..,..,..,..,..,..,..,..,..,..,..,..,..,..,..,..,..,..,..,..,..,..,..,..,..
Prevalence of undernourishment (% of population),SN.ITK.DEFC.ZS,Bulgaria,BGR,..,..,..,..,..,..,..,..,..,..,..,4.9,5.2,5.6,6,6.1,6.3,5.9,5.8,5.4,5.3,5.2,4.8,4.2,4.2,4.1,4.2,3.4,3.1,3,2.8,2.5,2.5,2.5,..
Prevalence of undernourishment (% of population),SN.ITK.DEFC.ZS,Burkina Faso,BFA,..,..,..,..,..,..,..,..,..,..,..,22.4,20.4,18.5,17.4,17,16.5,15.9,15.4,15,15,14.6,14.1,13.5,13.4,13.6,14,14,14.5,14.3,14.9,14.3,13.9,13.1,..
Prevalence of undernourishment (% of population),SN.ITK.DEFC.ZS,Burundi,BDI,..,..,..,..,..,..,..,..,..,..,..,..,..,..,..,..,..,..,..,..,..,..,..,..,..,..,..,..,..,..,..,..,..,..,..
Prevalence of undernourishment (% of population),SN.ITK.DEFC.ZS,Cabo Verde,CPV,..,..,..,..,..,..,..,..,..,..,..,16.2,16.1,14.8,13,12.7,13.1,14.1,15,15.2,14.7,14.1,14.6,15.3,16.3,16.6,16.5,15.5,14.8,13.4,12.6,12.1,12.8,13.5,..
Prevalence of undernourishment (% of population),SN.ITK.DEFC.ZS,Cambodia,KHM,..,..,..,..,..,..,..,..,..,..,..,19.7,17.8,16.6,16.3,15.5,14.4,13.3,12.1,11.2,10,9.2,8.5,8.4,8.1,7.5,6.8,6.3,5.6,5.4,5.6,6.1,5.8,5.2,..
Prevalence of undernourishment (% of population),SN.ITK.DEFC.ZS,Cameroon,CMR,..,..,..,..,..,..,..,..,..,..,..,24.2,22,19.6,16.8,13.8,11.2,9.1,7.3,5.9,4.9,4.3,4.1,4.2,4.5,4.8,5.4,6,6.2,6.1,5.9,5.5,5.1,4.8,..
Prevalence of undernourishment (% of population),SN.ITK.DEFC.ZS,Canada,CAN,..,..,..,..,..,..,..,..,..,..,..,2.5,2.5,2.5,2.5,2.5,2.5,2.5,2.5,2.5,2.5,2.5,2.5,2.5,2.5,2.5,2.5,2.5,2.5,2.5,2.5,2.5,2.5,2.5,..
Prevalence of undernourishment (% of population),SN.ITK.DEFC.ZS,Cayman Islands,CYM,..,..,..,..,..,..,..,..,..,..,..,..,..,..,..,..,..,..,..,..,..,..,..,..,..,..,..,..,..,..,..,..,..,..,..
Prevalence of undernourishment (% of population),SN.ITK.DEFC.ZS,Central African Republic,CAF,..,..,..,..,..,..,..,..,..,..,..,35.9,36.9,37.1,36.7,34.8,33,31.2,29.4,27.6,26.7,26.3,28.7,30.1,30.9,28.6,26.7,25.3,24.4,25.2,26.6,29.2,29.6,29.8,..
Prevalence of undernourishment (% of population),SN.ITK.DEFC.ZS,Chad,TCD,..,..,..,..,..,..,..,..,..,..,..,34.4,33.4,33.9,32.4,30.9,28.6,26.6,24.7,24.1,24.1,24,23.5,23.8,25.2,25.9,26.1,26.7,28.1,29.8,30.1,30.1,30.5,32,..
Prevalence of undernourishment (% of population),SN.ITK.DEFC.ZS,Channel Islands,CHI,..,..,..,..,..,..,..,..,..,..,..,..,..,..,..,..,..,..,..,..,..,..,..,..,..,..,..,..,..,..,..,..,..,..,..
Prevalence of undernourishment (% of population),SN.ITK.DEFC.ZS,Chile,CHL,..,..,..,..,..,..,..,..,..,..,..,2.9,2.8,2.7,2.7,2.6,2.7,2.6,3,3.3,3.6,3.7,3.5,3.4,3.3,3.3,3.3,3.1,3,2.7,2.5,2.5,2.5,2.5,..
Prevalence of undernourishment (% of population),SN.ITK.DEFC.ZS,China,CHN,..,..,..,..,..,..,..,..,..,..,..,10,9.3,8.6,7.8,6.9,6,4.9,3.9,2.9,2.5,2.5,2.5,2.5,2.5,2.5,2.5,2.5,2.5,2.5,2.5,2.5,2.5,2.5,..
Prevalence of undernourishment (% of population),SN.ITK.DEFC.ZS,Colombia,COL,..,..,..,..,..,..,..,..,..,..,..,8.6,8.9,9.6,10.4,11,11.3,10.8,11.1,11.1,11.1,10,8.6,7,5.8,5,4.4,4.2,4.2,4.1,4.2,4.1,4.1,3.9,..
Prevalence of undernourishment (% of population),SN.ITK.DEFC.ZS,Comoros,COM,..,..,..,..,..,..,..,..,..,..,..,24.7,20.7,18,16.6,16.3,16.1,15.8,15.4,15.3,15.6,15.9,15.6,15,14.5,14,13.5,13.1,13.2,13.5,14.3,15.6,16.2,15.4,..
Prevalence of undernourishment (% of population),SN.ITK.DEFC.ZS,"Congo, Dem. Rep.",COD,..,..,..,..,..,..,..,..,..,..,..,26.8,27.2,27.2,27.3,27.3,27.4,27.6,27.7,28.4,28.7,29.6,30.5,30.8,31.1,31.7,32.3,32.7,32.5,34.1,35.2,36.6,37.3,38.5,..
Prevalence of undernourishment (% of population),SN.ITK.DEFC.ZS,"Congo, Rep.",COG,..,..,..,..,..,..,..,..,..,..,..,26.3,25.9,26,27.2,28.4,30.5,32.6,34.9,37.7,40.4,40.5,37.4,32.7,29.6,29.4,29.6,30.2,29.7,29,27.7,27.2,26.8,26.4,..
Prevalence of undernourishment (% of population),SN.ITK.DEFC.ZS,Costa Rica,CRI,..,..,..,..,..,..,..,..,..,..,..,4.6,4.8,4.9,4.5,3.8,3.3,3,3,3.1,3.1,3.1,3.1,2.9,2.7,2.5,2.5,2.5,2.5,2.5,2.5,2.5,2.5,2.5,..
Prevalence of undernourishment (% of population),SN.ITK.DEFC.ZS,Cote d'Ivoire,CIV,..,..,..,..,..,..,..,..,..,..,..,18.9,18.9,18.3,17.9,17.6,17.5,17.5,17.5,17.6,16.9,16,15.1,15.5,14.6,13.5,11.5,10.6,9.8,9.4,9.2,9.7,10.4,11.1,..
Prevalence of undernourishment (% of population),SN.ITK.DEFC.ZS,Croatia,HRV,..,..,..,..,..,..,..,..,..,..,..,10.6,7.1,5.4,4.3,3.3,2.7,2.5,2.5,2.5,2.7,2.8,2.5,2.5,2.5,2.5,2.5,2.5,2.5,2.5,2.5,2.5,2.5,2.5,..
Prevalence of undernourishment (% of population),SN.ITK.DEFC.ZS,Cuba,CUB,..,..,..,..,..,..,..,..,..,..,..,2.5,2.5,2.5,2.5,2.5,2.5,..,..,..,..,..,..,..,..,..,..,..,..,..,..,..,..,..,..
Prevalence of undernourishment (% of population),SN.ITK.DEFC.ZS,Curacao,CUW,..,..,..,..,..,..,..,..,..,..,..,..,..,..,..,..,..,..,..,..,..,..,..,..,..,..,..,..,..,..,..,..,..,..,..
Prevalence of undernourishment (% of population),SN.ITK.DEFC.ZS,Cyprus,CYP,..,..,..,..,..,..,..,..,..,..,..,5.9,6.4,6.3,5.7,4.7,3.8,3,2.5,2.5,2.5,2.5,2.5,2.5,2.5,2.5,2.5,2.5,2.5,2.5,2.5,2.5,2.5,2.5,..
Prevalence of undernourishment (% of population),SN.ITK.DEFC.ZS,Czechia,CZE,..,..,..,..,..,..,..,..,..,..,..,2.5,2.5,2.5,2.5,2.5,2.5,2.5,2.5,2.5,2.5,2.5,2.5,2.5,2.5,2.5,2.5,2.5,2.5,2.5,2.5,2.5,2.5,2.5,..
Prevalence of undernourishment (% of population),SN.ITK.DEFC.ZS,Denmark,DNK,..,..,..,..,..,..,..,..,..,..,..,2.5,2.5,2.5,2.5,2.5,2.5,2.5,2.5,2.5,2.5,2.5,2.5,2.5,2.5,2.5,2.5,2.5,2.5,2.5,2.5,2.5,2.5,2.5,..
Prevalence of undernourishment (% of population),SN.ITK.DEFC.ZS,Djibouti,DJI,..,..,..,..,..,..,..,..,..,..,..,40.8,39.4,36.5,32.7,28.9,24.6,22.1,20.2,20,19.5,18.8,17.4,15.7,14.1,13.1,12.7,12.6,12.2,11.9,12,12.2,12.5,12.9,..
Prevalence of undernourishment (% of population),SN.ITK.DEFC.ZS,Dominica,DMA,..,..,..,..,..,..,..,..,..,..,..,3.7,4.1,4.6,4.8,5.1,4.6,4.2,3.7,4.1,4.4,4.7,4.7,4.6,4.4,4.6,4.9,5.5,5.5,5.5,5.2,5.1,4.4,3.6,..
Prevalence of undernourishment (% of population),SN.ITK.DEFC.ZS,Dominican Republic,DOM,..,..,..,..,..,..,..,..,..,..,..,19.7,21.7,23.1,23.9,21.3,18.9,16.7,14.7,13.5,12.4,11.6,10.4,9.1,8.4,7.4,6.7,5.9,5.6,6.1,5.9,5.5,4.4,3.6,..
Prevalence of undernourishment (% of population),SN.ITK.DEFC.ZS,Ecuador,ECU,..,..,..,..,..,..,..,..,..,..,..,20,21.8,21.2,20,17.4,15,12.9,11.1,9.5,8.4,8,8.5,8.5,8.5,8.8,9.5,10.4,11.3,12.7,13.4,13.6,12.8,12.1,..
Prevalence of undernourishment (% of population),SN.ITK.DEFC.ZS,"Egypt, Arab Rep.",EGY,..,..,..,..,..,..,..,..,..,..,..,4.8,5,5.5,5.8,5.8,5.4,5.1,5,4.9,5.1,5.2,5.7,6.1,6.4,6.5,6.6,6.6,6.4,6.6,7.1,7.9,8.8,9.4,..
Prevalence of undernourishment (% of population),SN.ITK.DEFC.ZS,El Salvador,SLV,..,..,..,..,..,..,..,..,..,..,..,6.9,6.9,7.6,8.4,8.9,9.2,9.4,9.7,9.5,9.3,9,9.1,9.2,9.4,9.1,8.4,7.6,6.8,6.8,6.6,7,6.8,6.7,..
Prevalence of undernourishment (% of population),SN.ITK.DEFC.ZS,Equatorial Guinea,GNQ,..,..,..,..,..,..,..,..,..,..,..,..,..,..,..,..,..,..,..,..,..,..,..,..,..,..,..,..,..,..,..,..,..,..,..
Prevalence of undernourishment (% of population),SN.ITK.DEFC.ZS,Eritrea,ERI,..,..,..,..,..,..,..,..,..,..,..,..,..,..,..,..,..,..,..,..,..,..,..,..,..,..,..,..,..,..,..,..,..,..,..
Prevalence of undernourishment (% of population),SN.ITK.DEFC.ZS,Estonia,EST,..,..,..,..,..,..,..,..,..,..,..,3.6,3.5,3.4,2.9,2.5,2.5,2.5,2.5,2.5,2.5,2.5,2.5,2.5,2.5,2.5,2.5,2.5,2.5,2.5,2.5,2.5,2.5,2.5,..
Prevalence of undernourishment (% of population),SN.ITK.DEFC.ZS,Eswatini,SWZ,..,..,..,..,..,..,..,..,..,..,..,9.8,9.2,8.8,9.7,11.7,13.9,16.4,19.6,23.3,24.9,24,20.4,17.5,16.2,16.2,16.3,15,13.4,11.7,11.4,11.6,13.1,14.7,..
Prevalence of undernourishment (% of population),SN.ITK.DEFC.ZS,Ethiopia,ETH,..,..,..,..,..,..,..,..,..,..,..,46.1,43.2,41.6,39.1,36.4,32.7,29.4,26.3,23.9,22.4,21.2,19.8,17.7,15.2,13.6,13,14.1,16.1,18.5,20.3,20.6,20.2,19.7,..
Prevalence of undernourishment (% of population),SN.ITK.DEFC.ZS,Faroe Islands,FRO,..,..,..,..,..,..,..,..,..,..,..,..,..,..,..,..,..,..,..,..,..,..,..,..,..,..,..,..,..,..,..,..,..,..,..
Prevalence of undernourishment (% of population),SN.ITK.DEFC.ZS,Fiji,FJI,..,..,..,..,..,..,..,..,..,..,..,3.6,3.5,3.6,4,4.5,5,5.6,6.2,6.8,7,7.3,7.3,7.2,7,7.2,7.5,7.3,6.4,5.6,6.2,6.7,7.3,6.8,..
Prevalence of undernourishment (% of population),SN.ITK.DEFC.ZS,Finland,FIN,..,..,..,..,..,..,..,..,..,..,..,2.5,2.5,2.5,2.5,2.5,2.5,2.5,2.5,2.5,2.5,2.5,2.5,2.5,2.5,2.5,2.5,2.5,2.5,2.5,2.5,2.5,2.5,2.5,..
Prevalence of undernourishment (% of population),SN.ITK.DEFC.ZS,France,FRA,..,..,..,..,..,..,..,..,..,..,..,2.5,2.5,2.5,2.5,2.5,2.5,2.5,2.5,2.5,2.5,2.5,2.5,2.5,2.5,2.5,2.5,2.5,2.5,2.5,2.5,2.5,2.5,2.5,..
Prevalence of undernourishment (% of population),SN.ITK.DEFC.ZS,French Polynesia,PYF,..,..,..,..,..,..,..,..,..,..,..,6.3,6.1,5.8,5.7,5.6,5.6,5.6,5.6,5.1,4.8,4.4,4.5,4.7,5,5.4,5.9,6.4,6.4,6,5.3,5,4.6,3.8,..
Prevalence of undernourishment (% of population),SN.ITK.DEFC.ZS,Gabon,GAB,..,..,..,..,..,..,..,..,..,..,..,10.6,12,13.1,13.8,14.3,14.5,14.4,14.3,14.4,14,13.5,13,13.1,13.3,14.1,15.3,16.4,17.5,18.6,19.7,21.3,23.5,25.3,..
Prevalence of undernourishment (% of population),SN.ITK.DEFC.ZS,"Gambia, The",GMB,..,..,..,..,..,..,..,..,..,..,..,16.9,18.9,19.9,19.1,17.6,15.5,13.7,12,10.5,9.7,9.5,10.2,11.1,11.9,12.6,12.8,14.2,15,16.8,18,18.9,18.3,16.8,..
Prevalence of undernourishment (% of population),SN.ITK.DEFC.ZS,Georgia,GEO,..,..,..,..,..,..,..,..,..,..,..,6.6,5,4.3,4.3,4.8,5.3,5.9,6.7,7.6,8,8.1,7.8,7.4,6.6,6.5,6.6,6.4,5.4,5.3,5.1,4.8,2.9,2.5,..
Prevalence of undernourishment (% of population),SN.ITK.DEFC.ZS,Germany,DEU,..,..,..,..,..,..,..,..,..,..,..,2.5,2.5,2.5,2.5,2.5,2.5,2.5,2.5,2.5,2.5,2.5,2.5,2.5,2.5,2.5,2.5,2.5,2.5,2.5,2.5,2.5,2.5,2.5,..
Prevalence of undernourishment (% of population),SN.ITK.DEFC.ZS,Ghana,GHA,..,..,..,..,..,..,..,..,..,..,..,14.8,13.4,12.6,12,11.1,10.4,9.2,8.1,6.9,6.9,7.3,7.7,8,8.7,9.4,9.5,8.8,7.5,6.6,5.7,5.6,5.9,6.3,..
Prevalence of undernourishment (% of population),SN.ITK.DEFC.ZS,Gibraltar,GIB,..,..,..,..,..,..,..,..,..,..,..,..,..,..,..,..,..,..,..,..,..,..,..,..,..,..,..,..,..,..,..,..,..,..,..
Prevalence of undernourishment (% of population),SN.ITK.DEFC.ZS,Greece,GRC,..,..,..,..,..,..,..,..,..,..,..,2.5,2.5,2.5,2.5,2.5,2.5,2.5,2.5,2.5,2.5,2.5,2.5,2.5,2.5,2.5,2.5,2.5,2.5,2.5,2.5,2.5,2.5,2.5,..
Prevalence of undernourishment (% of population),SN.ITK.DEFC.ZS,Greenland,GRL,..,..,..,..,..,..,..,..,..,..,..,..,..,..,..,..,..,..,..,..,..,..,..,..,..,..,..,..,..,..,..,..,..,..,..
Prevalence of undernourishment (% of population),SN.ITK.DEFC.ZS,Grenada,GRD,..,..,..,..,..,..,..,..,..,..,..,..,..,..,..,..,..,..,..,..,..,..,..,..,..,..,..,..,..,..,..,..,..,..,..
Prevalence of undernourishment (% of population),SN.ITK.DEFC.ZS,Guam,GUM,..,..,..,..,..,..,..,..,..,..,..,..,..,..,..,..,..,..,..,..,..,..,..,..,..,..,..,..,..,..,..,..,..,..,..
Prevalence of undernourishment (% of population),SN.ITK.DEFC.ZS,Guatemala,GTM,..,..,..,..,..,..,..,..,..,..,..,22.4,20.1,19.2,19.5,19.2,18.1,18.5,18.1,17.3,15.6,15,15.4,15.8,15.9,15.4,14.6,14.3,14,14,13.5,12.9,12.1,11.8,..
Prevalence of undernourishment (% of population),SN.ITK.DEFC.ZS,Guinea,GIN,..,..,..,..,..,..,..,..,..,..,..,18,17.8,16.9,16.4,16.4,16.8,17.2,17.7,18.4,18.1,17.2,15.5,14.2,13.6,13.6,14,14,13.4,12.5,11.1,10.4,10.4,11.4,..
Prevalence of undernourishment (% of population),SN.ITK.DEFC.ZS,Guinea-Bissau,GNB,..,..,..,..,..,..,..,..,..,..,..,15.6,16,16.9,18,18.6,19.3,20,20.7,21.5,22.6,23.7,25.1,29.1,30.1,28,19.8,13.6,12.4,13.1,16.7,19.5,22,22.1,..
Prevalence of undernourishment (% of population),SN.ITK.DEFC.ZS,Guyana,GUY,..,..,..,..,..,..,..,..,..,..,..,5.7,5.7,6.1,6.6,7.1,7.6,8.2,8.8,9.5,9.7,8.9,8,6.9,5.7,4.4,3.4,3.1,2.9,2.7,2.5,2.5,2.5,2.5,..
Prevalence of undernourishment (% of population),SN.ITK.DEFC.ZS,Haiti,HTI,..,..,..,..,..,..,..,..,..,..,..,48,50.1,50.2,49.7,47.7,45.9,44,42.2,40.4,39.5,39.7,39.8,39,37.8,37.9,38.7,40.3,41.2,42.6,43.6,47.8,51.1,54.2,..
Prevalence of undernourishment (% of population),SN.ITK.DEFC.ZS,Honduras,HND,..,..,..,..,..,..,..,..,..,..,..,21.1,20.4,20,19.3,18.1,16.9,15.9,14.9,14,13.2,12.9,13,13.7,14.2,14.2,13.7,13.2,13.1,13.5,13.7,14.1,14,14.8,..
Prevalence of undernourishment (% of population),SN.ITK.DEFC.ZS,"Hong Kong SAR, China",HKG,..,..,..,..,..,..,..,..,..,..,..,2.5,2.5,2.5,2.5,2.5,2.5,2.5,2.5,2.5,2.5,2.5,2.5,2.5,2.6,2.5,2.5,2.5,2.5,2.5,2.5,2.7,2.9,3.1,..
Prevalence of undernourishment (% of population),SN.ITK.DEFC.ZS,Hungary,HUN,..,..,..,..,..,..,..,..,..,..,..,2.5,2.5,2.5,2.5,2.5,2.5,2.5,2.5,2.5,2.5,2.5,2.5,2.5,2.5,2.5,2.5,2.5,2.5,2.5,2.5,2.5,2.5,2.5,..
Prevalence of undernourishment (% of population),SN.ITK.DEFC.ZS,Iceland,ISL,..,..,..,..,..,..,..,..,..,..,..,2.5,2.5,2.5,2.5,2.5,2.5,2.5,2.5,2.5,2.5,2.5,2.5,2.5,2.5,2.5,2.5,2.5,2.5,2.5,2.5,2.5,2.5,2.5,..
Prevalence of undernourishment (% of population),SN.ITK.DEFC.ZS,India,IND,..,..,..,..,..,..,..,..,..,..,..,18.1,19.7,21.2,21.7,21.1,18.9,16.6,15.3,15,14.6,14.2,13.4,12.8,12.6,12.1,11.6,10.6,10.5,11.8,13.4,14.3,13.5,12,..
Prevalence of undernourishment (% of population),SN.ITK.DEFC.ZS,Indonesia,IDN,..,..,..,..,..,..,..,..,..,..,..,18.1,18.1,18,18.2,18.4,18.1,17.5,16.5,15,12.9,10.9,9.5,8.3,7.8,7.1,6.6,6,6,6.4,6.6,6.6,6.6,6.3,..
Prevalence of undernourishment (% of population),SN.ITK.DEFC.ZS,"Iran, Islamic Rep.",IRN,..,..,..,..,..,..,..,..,..,..,..,4.9,5.2,5.5,5.9,6.4,6.9,7.4,7.9,8.4,9.4,9.5,9.2,8,7.6,7.4,7.7,8,8,7.7,6.9,6.8,6.7,6.8,..
Prevalence of undernourishment (% of population),SN.ITK.DEFC.ZS,Iraq,IRQ,..,..,..,..,..,..,..,..,..,..,..,20.1,19.5,18.4,17.8,16.5,16.5,16.4,15.6,14.5,13.4,13.6,14.2,14.9,15.3,15.7,16.1,16,15.8,15.4,15.1,15.4,15.3,14.9,..
Prevalence of undernourishment (% of population),SN.ITK.DEFC.ZS,Ireland,IRL,..,..,..,..,..,..,..,..,..,..,..,2.5,2.5,2.5,2.5,2.5,2.5,2.5,2.5,2.5,2.5,2.5,2.5,2.5,2.5,2.5,2.5,2.5,2.5,2.5,2.5,2.5,2.5,2.5,..
Prevalence of undernourishment (% of population),SN.ITK.DEFC.ZS,Isle of Man,IMN,..,..,..,..,..,..,..,..,..,..,..,..,..,..,..,..,..,..,..,..,..,..,..,..,..,..,..,..,..,..,..,..,..,..,..
Prevalence of undernourishment (% of population),SN.ITK.DEFC.ZS,Israel,ISR,..,..,..,..,..,..,..,..,..,..,..,2.5,2.5,2.5,2.5,2.5,2.5,2.5,2.5,2.5,2.5,2.5,2.5,2.5,2.5,2.5,2.5,2.5,2.5,2.5,2.5,2.5,2.5,2.5,..
Prevalence of undernourishment (% of population),SN.ITK.DEFC.ZS,Italy,ITA,..,..,..,..,..,..,..,..,..,..,..,2.5,2.5,2.5,2.5,2.5,2.5,2.5,2.5,2.5,2.5,2.5,2.5,2.5,2.5,2.5,2.5,2.5,2.5,2.5,2.5,2.5,2.5,2.5,..
Prevalence of undernourishment (% of population),SN.ITK.DEFC.ZS,Jamaica,JAM,..,..,..,..,..,..,..,..,..,..,..,7.2,6.7,6.8,6.9,7.1,7.3,7.9,8.5,8.6,8.2,7.8,7.7,7.7,7.5,8,7.6,7.3,6.3,6.7,7,7.6,7.5,7.7,..
Prevalence of undernourishment (% of population),SN.ITK.DEFC.ZS,Japan,JPN,..,..,..,..,..,..,..,..,..,..,..,..,..,..,..,..,..,..,..,..,..,..,..,..,..,..,..,..,..,..,..,..,..,..,..
Prevalence of undernourishment (% of population),SN.ITK.DEFC.ZS,Jordan,JOR,..,..,..,..,..,..,..,..,..,..,..,9,7.2,6,5.4,5.4,5.6,6.1,6.6,7.5,8.4,9.1,9.1,8.2,7.6,7.4,8,9.2,10.6,12.8,15.2,15.4,15.1,14.3,..
Prevalence of undernourishment (% of population),SN.ITK.DEFC.ZS,Kazakhstan,KAZ,..,..,..,..,..,..,..,..,..,..,..,6.5,6.6,7.1,7.4,7.3,6.3,5,4.2,3.8,3.4,3,2.6,2.5,2.5,2.5,2.5,2.5,2.5,2.5,2.5,2.5,2.5,2.5,..
Prevalence of undernourishment (% of population),SN.ITK.DEFC.ZS,Kenya,KEN,..,..,..,..,..,..,..,..,..,..,..,31.8,33.3,34.5,31.6,28,25.8,26.8,26.7,24.3,21.7,19.9,19.1,18.9,19,20.8,22.2,23.6,22.9,23.7,26.3,31.6,35.3,36.8,..
Prevalence of undernourishment (% of population),SN.ITK.DEFC.ZS,Kiribati,KIR,..,..,..,..,..,..,..,..,..,..,..,4.3,4.4,4.6,4.6,4.5,4.4,4.3,4.1,4,3.7,3.4,3.2,3.1,3,3,3.1,3.2,3.6,4.1,4.5,4.6,4.5,4.1,..
Prevalence of undernourishment (% of population),SN.ITK.DEFC.ZS,"Korea, Dem. People's Rep.",PRK,..,..,..,..,..,..,..,..,..,..,..,35.9,35.2,32.9,33.2,34.5,37,39.1,40.5,42,42.9,43.4,43.7,43.7,44.5,45.2,46,47.5,47,..,..,..,..,..,..
Prevalence of undernourishment (% of population),SN.ITK.DEFC.ZS,"Korea, Rep.",KOR,..,..,..,..,..,..,..,..,..,..,..,2.5,2.6,2.7,2.5,2.5,2.5,2.5,2.5,2.5,2.5,2.5,2.5,2.5,2.5,2.5,2.5,2.5,2.5,2.5,2.5,2.5,2.5,2.5,..
Prevalence of undernourishment (% of population),SN.ITK.DEFC.ZS,Kosovo,XKX,..,..,..,..,..,..,..,..,..,..,..,..,..,..,..,..,..,..,..,..,..,..,..,..,..,..,..,..,..,..,..,..,..,..,..
Prevalence of undernourishment (% of population),SN.ITK.DEFC.ZS,Kuwait,KWT,..,..,..,..,..,..,..,..,..,..,..,2.5,2.5,2.5,2.5,2.5,2.5,2.5,2.5,2.5,2.5,2.5,2.5,2.5,2.5,2.5,2.5,2.5,2.5,2.5,2.5,2.5,2.5,2.5,..
Prevalence of undernourishment (% of population),SN.ITK.DEFC.ZS,Kyrgyz Republic,KGZ,..,..,..,..,..,..,..,..,..,..,..,12.9,11,8.9,7.2,7.3,8,8.9,8.6,8.4,7.7,7.1,6.4,6.1,5.9,6.1,5.9,5.5,5,4.9,5.2,5.3,5.2,5.1,..
Prevalence of undernourishment (% of population),SN.ITK.DEFC.ZS,Lao PDR,LAO,..,..,..,..,..,..,..,..,..,..,..,..,..,..,..,..,..,..,..,..,..,..,..,..,..,..,..,..,..,..,..,..,..,..,..
Prevalence of undernourishment (% of population),SN.ITK.DEFC.ZS,Latvia,LVA,..,..,..,..,..,..,..,..,..,..,..,5.2,3.7,3,2.5,2.5,2.5,2.5,2.5,2.5,2.5,2.5,2.5,2.5,2.5,2.5,2.5,2.5,2.5,2.5,2.5,2.5,2.5,2.5,..
Prevalence of undernourishment (% of population),SN.ITK.DEFC.ZS,Lebanon,LBN,..,..,..,..,..,..,..,..,..,..,..,7.4,8.1,8.5,8.2,7.1,6.2,5.4,4.7,4.1,3.9,3.9,4.4,4.8,5.3,5.6,5.7,5.5,5.6,7.1,9.1,10.4,9.8,8.7,..
Prevalence of undernourishment (% of population),SN.ITK.DEFC.ZS,Lesotho,LSO,..,..,..,..,..,..,..,..,..,..,..,..,..,..,..,..,..,..,..,..,..,..,..,..,..,..,..,..,..,..,..,..,..,..,..
Prevalence of undernourishment (% of population),SN.ITK.DEFC.ZS,Liberia,LBR,..,..,..,..,..,..,..,..,..,..,..,34.9,36.2,35.9,36,35.7,35.4,35.1,34.9,34.8,35.2,35.6,36.5,36.4,36.6,35.7,35.1,34.9,35.3,36.6,37.5,37.7,37,35.5,..
Prevalence of undernourishment (% of population),SN.ITK.DEFC.ZS,Libya,LBY,..,..,..,..,..,..,..,..,..,..,..,3.7,4,4.3,4.6,4.9,5.2,5.5,5.9,6.3,7.1,8.1,9,9.8,10.2,10.7,11,11.4,11.9,13.2,14.5,16,16.6,16.5,..
Prevalence of undernourishment (% of population),SN.ITK.DEFC.ZS,Liechtenstein,LIE,..,..,..,..,..,..,..,..,..,..,..,..,..,..,..,..,..,..,..,..,..,..,..,..,..,..,..,..,..,..,..,..,..,..,..
Prevalence of undernourishment (% of population),SN.ITK.DEFC.ZS,Lithuania,LTU,..,..,..,..,..,..,..,..,..,..,..,2.5,2.5,2.5,2.5,2.5,2.5,2.5,2.5,2.5,2.5,2.5,2.5,2.5,2.5,2.5,2.5,2.5,2.5,2.5,2.5,2.5,2.5,2.5,..
Prevalence of undernourishment (% of population),SN.ITK.DEFC.ZS,Luxembourg,LUX,..,..,..,..,..,..,..,..,..,..,..,2.5,2.5,2.5,2.5,2.5,2.5,2.5,2.5,2.5,2.5,2.5,2.5,2.5,2.5,2.5,2.5,2.5,2.5,2.5,2.5,2.5,2.5,2.5,..
Prevalence of undernourishment (% of population),SN.ITK.DEFC.ZS,"Macao SAR, China",MAC,..,..,..,..,..,..,..,..,..,..,..,20.1,19.4,17.9,16.4,14.9,13.9,13,12,11.3,10.2,9.4,8.4,7.6,6.7,6.2,6.1,6,5.9,7.3,8.7,10.1,10.4,11.2,..
Prevalence of undernourishment (% of population),SN.ITK.DEFC.ZS,Madagascar,MDG,..,..,..,..,..,..,..,..,..,..,..,33.4,34.8,36.1,34.6,32.9,30.6,30.2,30,29.4,28.1,27.4,28.6,30.1,32.1,33.3,35,36,37.5,38.9,40.6,39.9,39.9,39.5,..
Prevalence of undernourishment (% of population),SN.ITK.DEFC.ZS,Malawi,MWI,..,..,..,..,..,..,..,..,..,..,..,23.2,23.4,24.1,23.2,21.5,19.3,17.5,15.9,14.7,14.1,13.9,14.2,14.9,15.5,16.3,16.7,17.6,18.3,19.3,19.9,20.4,20.7,21.4,..
Prevalence of undernourishment (% of population),SN.ITK.DEFC.ZS,Malaysia,MYS,..,..,..,..,..,..,..,..,..,..,..,2.5,2.8,2.9,3.1,3.2,3.4,3.6,3.6,3.8,3.5,3.4,3.5,3.7,3.8,3.7,3.3,3.1,2.9,2.8,2.7,2.5,2.5,2.5,..
Prevalence of undernourishment (% of population),SN.ITK.DEFC.ZS,Maldives,MDV,..,..,..,..,..,..,..,..,..,..,..,..,..,..,..,..,..,..,..,..,..,..,..,..,..,..,..,..,..,..,..,..,..,..,..
Prevalence of undernourishment (% of population),SN.ITK.DEFC.ZS,Mali,MLI,..,..,..,..,..,..,..,..,..,..,..,14.2,13.3,13.2,12.4,11.2,9.8,8.5,7.4,6.7,6.2,5.8,5.4,5.2,5,4.9,4.5,4.6,4.6,4.8,4.7,7.3,9.9,12.3,..
Prevalence of undernourishment (% of population),SN.ITK.DEFC.ZS,Malta,MLT,..,..,..,..,..,..,..,..,..,..,..,2.5,2.5,2.5,2.5,2.5,2.5,2.5,2.5,2.5,2.5,2.5,2.5,2.5,2.5,2.5,2.5,2.5,2.5,2.5,2.5,2.5,2.5,2.5,..
Prevalence of undernourishment (% of population),SN.ITK.DEFC.ZS,Marshall Islands,MHL,..,..,..,..,..,..,..,..,..,..,..,..,..,..,..,..,..,..,..,..,..,..,..,..,..,..,..,..,..,..,..,..,..,..,..
Prevalence of undernourishment (% of population),SN.ITK.DEFC.ZS,Mauritania,MRT,..,..,..,..,..,..,..,..,..,..,..,9.8,9.2,9.5,9.5,10.3,9.3,8.4,7.3,7.1,7,6.5,6.2,6.1,6.3,6.5,6.7,6.6,6.5,6.6,7,7.8,8.6,8.7,..
Prevalence of undernourishment (% of population),SN.ITK.DEFC.ZS,Mauritius,MUS,..,..,..,..,..,..,..,..,..,..,..,5.9,5.8,5.6,5.6,5.4,5.4,5.6,5.4,5.5,5.5,6.1,6.5,6.7,6.8,7.1,7.2,7.3,7.1,7.6,7.5,7.7,7.9,8.7,..
Prevalence of undernourishment (% of population),SN.ITK.DEFC.ZS,Mexico,MEX,..,..,..,..,..,..,..,..,..,..,..,2.8,3.2,3.8,4.1,4,3.7,3.7,3.9,4.1,4,3.9,3.8,3.7,3.7,3.7,3.7,3.7,3.6,3.4,3.1,3,2.8,2.7,..
Prevalence of undernourishment (% of population),SN.ITK.DEFC.ZS,"Micronesia, Fed. Sts.",FSM,..,..,..,..,..,..,..,..,..,..,..,..,..,..,..,..,..,..,..,..,..,..,..,..,..,..,..,..,..,..,..,..,..,..,..
Prevalence of undernourishment (% of population),SN.ITK.DEFC.ZS,Moldova,MDA,..,..,..,..,..,..,..,..,..,..,..,24.3,26.9,29.6,31.7,32.3,30.6,27.5,22.9,17.9,12.9,8.4,5.7,4.4,3.8,3.3,2.5,2.5,2.5,2.5,2.5,2.5,2.5,2.5,..
Prevalence of undernourishment (% of population),SN.ITK.DEFC.ZS,Monaco,MCO,..,..,..,..,..,..,..,..,..,..,..,..,..,..,..,..,..,..,..,..,..,..,..,..,..,..,..,..,..,..,..,..,..,..,..
Prevalence of undernourishment (% of population),SN.ITK.DEFC.ZS,Mongolia,MNG,..,..,..,..,..,..,..,..,..,..,..,30.1,29.5,29.6,29.5,28.4,26.5,24.5,21.9,19.8,17.1,14.8,13,11.9,10.6,8.9,8.1,6.8,6.2,5.1,4.3,3.1,2.5,2.5,..
Prevalence of undernourishment (% of population),SN.ITK.DEFC.ZS,Montenegro,MNE,..,..,..,..,..,..,..,..,..,..,..,9.4,9,7.5,5.7,4.1,3,2.5,2.5,2.5,2.5,2.5,2.5,2.5,2.5,2.5,2.5,2.5,2.5,2.5,2.5,2.5,2.5,2.5,..
Prevalence of undernourishment (% of population),SN.ITK.DEFC.ZS,Morocco,MAR,..,..,..,..,..,..,..,..,..,..,..,5.8,5.4,5.1,4.9,4.8,4.8,4.8,4.8,4.8,4.7,4.5,4.3,4.1,3.9,3.7,3.7,3.5,3.6,4.1,5.3,6.5,6.9,7,..
Prevalence of undernourishment (% of population),SN.ITK.DEFC.ZS,Mozambique,MOZ,..,..,..,..,..,..,..,..,..,..,..,36.4,34.9,32.8,30.9,29.2,27.3,25.4,23.6,21.7,20,19.9,21.6,26.4,32.6,39.9,41.6,38.3,32.5,28.3,25.8,22.8,21.8,21.8,..
Prevalence of undernourishment (% of population),SN.ITK.DEFC.ZS,Myanmar,MMR,..,..,..,..,..,..,..,..,..,..,..,38.6,35.8,32.6,28.8,24.8,21,17.4,14,11.1,9.2,8,7.4,6.4,5.5,4.5,3.8,3.5,3.4,3.2,3.7,4.4,5.2,5.4,..
Prevalence of undernourishment (% of population),SN.ITK.DEFC.ZS,Namibia,NAM,..,..,..,..,..,..,..,..,..,..,..,15.7,16.5,17.7,18.4,19.9,22,24.1,26.1,28.2,29.1,27.6,25.1,23.3,22.5,21.7,20.6,20,19.2,18.9,18.5,18.7,18.4,18.1,..
Prevalence of undernourishment (% of population),SN.ITK.DEFC.ZS,Nauru,NRU,..,..,..,..,..,..,..,..,..,..,..,..,..,..,..,..,..,..,..,..,..,..,..,..,..,..,..,..,..,..,..,..,..,..,..
Prevalence of undernourishment (% of population),SN.ITK.DEFC.ZS,Nepal,NPL,..,..,..,..,..,..,..,..,..,..,..,23.7,22,20,17.8,16.9,16,14.9,13.1,11.7,10.8,10.1,9.4,8.7,8.2,7.1,5.9,4.9,4.5,4.6,5,5.2,5.4,5.3,..
Prevalence of undernourishment (% of population),SN.ITK.DEFC.ZS,Netherlands,NLD,..,..,..,..,..,..,..,..,..,..,..,2.5,2.5,2.5,2.5,2.5,2.5,2.5,2.5,2.5,2.5,2.5,2.5,2.5,2.5,2.5,2.5,2.5,2.5,2.5,2.5,2.5,2.5,2.5,..
Prevalence of undernourishment (% of population),SN.ITK.DEFC.ZS,New Caledonia,NCL,..,..,..,..,..,..,..,..,..,..,..,8.1,8.3,8.6,8.9,8.9,8.9,9,9,8.5,8.1,8.1,8.3,8.2,7.9,7.8,7.6,7.4,6.9,6.3,5.7,5.4,5.2,4.9,..
Prevalence of undernourishment (% of population),SN.ITK.DEFC.ZS,New Zealand,NZL,..,..,..,..,..,..,..,..,..,..,..,2.5,2.5,2.5,2.5,2.5,2.5,2.5,2.5,2.5,2.5,2.5,2.5,2.5,2.5,2.5,2.5,2.5,2.5,2.5,2.5,2.5,2.5,2.5,..
Prevalence of undernourishment (% of population),SN.ITK.DEFC.ZS,Nicaragua,NIC,..,..,..,..,..,..,..,..,..,..,..,25.8,23.6,23.4,22.6,21.9,20.9,20.4,19.9,19.3,18.3,17.2,17,17.3,17.7,17.2,16.3,15.6,15.5,15.7,16.6,17,17.3,..,..
Prevalence of undernourishment (% of population),SN.ITK.DEFC.ZS,Niger,NER,..,..,..,..,..,..,..,..,..,..,..,23.1,22.2,21.1,19.1,18,17,16.1,15.2,14.3,14.6,14.8,15,14.5,13.7,12.7,12,11.1,10.9,10.1,10.9,11.4,12.7,12.9,..
Prevalence of undernourishment (% of population),SN.ITK.DEFC.ZS,Nigeria,NGA,..,..,..,..,..,..,..,..,..,..,..,8.7,8.7,8.8,8.9,9.1,9.2,9.4,9.6,9.9,10.4,11.1,11.7,11.4,11.1,10.7,10.8,11.5,12.1,14.3,15.8,17.6,18.7,19.9,..
Prevalence of undernourishment (% of population),SN.ITK.DEFC.ZS,North Macedonia,MKD,..,..,..,..,..,..,..,..,..,..,..,6.7,6.8,5.3,5,4.5,4.1,3.5,3,3.3,3.5,3.7,3.8,3.8,3.6,3.5,3.2,2.9,2.6,2.8,2.8,2.9,2.5,2.5,..
Prevalence of undernourishment (% of population),SN.ITK.DEFC.ZS,Northern Mariana Islands,MNP,..,..,..,..,..,..,..,..,..,..,..,..,..,..,..,..,..,..,..,..,..,..,..,..,..,..,..,..,..,..,..,..,..,..,..
Prevalence of undernourishment (% of population),SN.ITK.DEFC.ZS,Norway,NOR,..,..,..,..,..,..,..,..,..,..,..,2.5,2.5,2.5,2.5,2.5,2.5,2.5,2.5,2.5,2.5,2.5,2.5,2.5,2.5,2.5,2.5,2.5,2.5,2.5,2.5,2.5,2.5,2.5,..
Prevalence of undernourishment (% of population),SN.ITK.DEFC.ZS,Oman,OMN,..,..,..,..,..,..,..,..,..,..,..,16.3,15.1,14.2,12.3,10.1,8.3,6.8,5.5,4.5,4.6,5.5,6.5,6.9,6.8,7.2,7.2,7,6.3,5.9,5.8,5.7,5.9,5.9,..
Prevalence of undernourishment (% of population),SN.ITK.DEFC.ZS,Pakistan,PAK,..,..,..,..,..,..,..,..,..,..,..,20.4,21,20.2,18.3,16.9,15.7,15.1,15.1,15.4,15.5,15.4,15,14.7,14.2,13.3,11.5,11.7,10.9,12.9,13.4,16.4,16.7,16.5,..
Prevalence of undernourishment (% of population),SN.ITK.DEFC.ZS,Palau,PLW,..,..,..,..,..,..,..,..,..,..,..,..,..,..,..,..,..,..,..,..,..,..,..,..,..,..,..,..,..,..,..,..,..,..,..
Prevalence of undernourishment (% of population),SN.ITK.DEFC.ZS,Panama,PAN,..,..,..,..,..,..,..,..,..,..,..,23.2,19.4,17.4,16.2,14.8,13.5,12.3,11.2,10.1,8.9,7.9,7.3,7.1,7.1,7,6.7,5.8,5,4.5,4.8,5.3,5.8,5.7,..
Prevalence of undernourishment (% of population),SN.ITK.DEFC.ZS,Papua New Guinea,PNG,..,..,..,..,..,..,..,..,..,..,..,26.7,27.4,28.1,29,27.9,27.9,27.2,27.6,28.8,29.9,30.1,28.6,27.3,27.6,27.8,28.2,28.3,28.5,28.2,28.3,27.9,28.8,28.7,..
Prevalence of undernourishment (% of population),SN.ITK.DEFC.ZS,Paraguay,PRY,..,..,..,..,..,..,..,..,..,..,..,10.3,9.1,8.6,7.9,7.4,6,4.6,3.6,2.9,2.5,2.5,2.5,2.5,2.5,2.5,2.6,2.6,2.7,3.1,3.4,3.9,4.4,5.2,..
Prevalence of undernourishment (% of population),SN.ITK.DEFC.ZS,Peru,PER,..,..,..,..,..,..,..,..,..,..,..,20.4,21.8,22.1,20.7,17.9,14.9,13,11,9.4,8.5,7.6,6.7,5.6,5.3,5.7,6.2,6.5,6,6.2,6.3,6.5,6.6,6.9,..
Prevalence of undernourishment (% of population),SN.ITK.DEFC.ZS,Philippines,PHL,..,..,..,..,..,..,..,..,..,..,..,18.5,18.3,17.8,17.6,17.3,17,16.7,16.4,16,15.7,14.9,14.3,13.7,12.9,11.4,9.7,7.8,6.4,5.8,5.2,4.6,3.5,3,..
Prevalence of undernourishment (% of population),SN.ITK.DEFC.ZS,Poland,POL,..,..,..,..,..,..,..,..,..,..,..,2.5,2.5,2.5,2.5,2.5,2.5,2.5,2.5,2.5,2.5,2.5,2.5,2.5,2.5,2.5,2.5,2.5,2.5,2.5,2.5,2.5,2.5,2.5,..
Prevalence of undernourishment (% of population),SN.ITK.DEFC.ZS,Portugal,PRT,..,..,..,..,..,..,..,..,..,..,..,2.5,2.5,2.5,2.5,2.5,2.5,2.5,2.5,2.5,2.5,2.5,2.5,2.5,2.5,2.5,2.5,2.5,2.5,2.5,2.5,2.5,2.5,2.5,..
Prevalence of undernourishment (% of population),SN.ITK.DEFC.ZS,Puerto Rico (US),PRI,..,..,..,..,..,..,..,..,..,..,..,..,..,..,..,..,..,..,..,..,..,..,..,..,..,..,..,..,..,..,..,..,..,..,..
Prevalence of undernourishment (% of population),SN.ITK.DEFC.ZS,Qatar,QAT,..,..,..,..,..,..,..,..,..,..,..,..,..,..,..,..,..,..,..,..,..,..,..,..,..,..,..,..,..,..,..,..,..,..,..
Prevalence of undernourishment (% of population),SN.ITK.DEFC.ZS,Romania,ROU,..,..,..,..,..,..,..,..,..,..,..,2.5,2.5,2.5,2.5,2.5,2.5,2.5,2.5,2.5,2.5,2.5,2.5,2.5,2.5,2.5,2.5,2.5,2.5,2.5,2.5,2.5,2.5,2.5,..
Prevalence of undernourishment (% of population),SN.ITK.DEFC.ZS,Russian Federation,RUS,..,..,..,..,..,..,..,..,..,..,..,4.2,3.3,2.7,2.5,2.5,2.5,2.5,2.5,2.5,2.5,2.5,2.5,2.5,2.5,2.5,2.5,2.5,2.5,2.5,2.5,2.5,2.5,2.5,..
Prevalence of undernourishment (% of population),SN.ITK.DEFC.ZS,Rwanda,RWA,..,..,..,..,..,..,..,..,..,..,..,37.6,34.3,33.6,36,36.7,36.6,36.5,36.5,36,35.7,35.3,35.5,35.7,37.1,35.8,33.7,31.9,32.7,35.6,34.7,31,26.6,24.4,..
Prevalence of undernourishment (% of population),SN.ITK.DEFC.ZS,Samoa,WSM,..,..,..,..,..,..,..,..,..,..,..,3.8,3.7,3.7,3.6,3.7,4.1,4.2,4.3,4.3,4.6,4.7,4.6,4.2,4.4,4.6,5.1,4.9,4.7,4.5,4.4,4.5,4.2,3.6,..
Prevalence of undernourishment (% of population),SN.ITK.DEFC.ZS,San Marino,SMR,..,..,..,..,..,..,..,..,..,..,..,..,..,..,..,..,..,..,..,..,..,..,..,..,..,..,..,..,..,..,..,..,..,..,..
Prevalence of undernourishment (% of population),SN.ITK.DEFC.ZS,Sao Tome and Principe,STP,..,..,..,..,..,..,..,..,..,..,..,15.5,13.8,12.3,11.1,10.4,10.6,11.6,13,14.7,16.5,17.6,17.4,17.4,18.1,18.5,18.3,17.9,17.8,16.9,15.9,16,16.7,17.4,..
Prevalence of undernourishment (% of population),SN.ITK.DEFC.ZS,Saudi Arabia,SAU,..,..,..,..,..,..,..,..,..,..,..,4.6,4.8,4.7,4.5,4.2,3.9,3.6,3.4,3.1,3.2,3.1,3.2,2.8,2.7,2.5,2.5,2.5,2.5,2.5,2.5,2.5,2.5,2.5,..
Prevalence of undernourishment (% of population),SN.ITK.DEFC.ZS,Senegal,SEN,..,..,..,..,..,..,..,..,..,..,..,21.1,20,18.6,17.1,15.8,14.6,12.2,10.9,10.3,10.9,11.1,11.3,11.2,11.1,10,8.9,8,7.1,6.2,5.3,5.2,5.1,5.1,..
Prevalence of undernourishment (% of population),SN.ITK.DEFC.ZS,Serbia,SRB,..,..,..,..,..,..,..,..,..,..,..,4.8,4.6,3.9,3.1,2.6,2.5,2.5,2.5,2.5,2.5,2.5,2.5,2.5,2.5,2.5,2.5,2.5,2.5,2.5,2.5,2.5,2.5,2.5,..
Prevalence of undernourishment (% of population),SN.ITK.DEFC.ZS,Seychelles,SYC,..,..,..,..,..,..,..,..,..,..,..,2.5,2.5,2.5,2.5,2.8,3.1,3.5,3.9,4.3,4.9,5.2,5.5,5.2,4.9,4.3,3.7,3.3,3,2.7,2.5,2.5,2.5,2.5,..
Prevalence of undernourishment (% of population),SN.ITK.DEFC.ZS,Sierra Leone,SLE,..,..,..,..,..,..,..,..,..,..,..,50,49.2,47,44.4,40.2,36,31.9,28.1,24.8,22.5,21.6,21.9,23.2,23.2,24.1,24.5,26,27,27.8,27.5,26.3,25.2,24.1,..
Prevalence of undernourishment (% of population),SN.ITK.DEFC.ZS,Singapore,SGP,..,..,..,..,..,..,..,..,..,..,..,..,..,..,..,..,..,..,..,..,..,..,..,..,..,..,..,..,..,..,..,..,..,..,..
Prevalence of undernourishment (% of population),SN.ITK.DEFC.ZS,Sint Maarten (Dutch part),SXM,..,..,..,..,..,..,..,..,..,..,..,..,..,..,..,..,..,..,..,..,..,..,..,..,..,..,..,..,..,..,..,..,..,..,..
Prevalence of undernourishment (% of population),SN.ITK.DEFC.ZS,Slovak Republic,SVK,..,..,..,..,..,..,..,..,..,..,..,6.2,6.2,6.1,5.9,5.6,5.7,5.6,5.1,4.9,5.2,6.1,5.8,5.6,5.7,5.7,5.3,4.1,3.3,2.8,2.7,3,3.2,3.1,..
Prevalence of undernourishment (% of population),SN.ITK.DEFC.ZS,Slovenia,SVN,..,..,..,..,..,..,..,..,..,..,..,2.5,2.5,2.5,2.5,2.5,2.5,2.5,2.5,2.5,2.5,2.5,2.5,2.5,2.5,2.5,2.5,2.5,2.5,2.5,2.5,2.5,2.5,2.5,..
Prevalence of undernourishment (% of population),SN.ITK.DEFC.ZS,Solomon Islands,SLB,..,..,..,..,..,..,..,..,..,..,..,11.2,11.5,11.4,11.9,12.2,12.9,13.1,14.1,14.1,14.8,15.8,17.4,18.8,19,18.7,18,17.9,18,19,20.6,22,22,20,..
Prevalence of undernourishment (% of population),SN.ITK.DEFC.ZS,"Somalia, Fed. Rep.",SOM,..,..,..,..,..,..,..,..,..,..,..,70,69.9,69.8,69.7,69.7,69.7,69.7,69.8,71.8,72.5,71.5,67.4,63.3,61.4,60.7,60.2,59,56.2,53.9,52.1,52.1,52.8,53.2,..
Prevalence of undernourishment (% of population),SN.ITK.DEFC.ZS,South Africa,ZAF,..,..,..,..,..,..,..,..,..,..,..,3.6,3.5,3.4,3.3,3.3,3.4,3.5,3.5,4,4.5,5,5.2,5.6,6.4,6.6,6.4,6.1,6.4,7.2,8.6,9.4,10,10,..
Prevalence of undernourishment (% of population),SN.ITK.DEFC.ZS,South Sudan,SSD,..,..,..,..,..,..,..,..,..,..,..,..,..,..,..,..,..,..,..,..,..,..,..,..,..,..,..,..,..,..,21.8,21.4,21,22.3,..
Prevalence of undernourishment (% of population),SN.ITK.DEFC.ZS,Spain,ESP,..,..,..,..,..,..,..,..,..,..,..,2.5,2.5,2.5,2.5,2.5,2.5,2.5,2.5,2.5,2.5,2.5,2.5,2.5,2.5,2.5,2.5,2.5,2.5,2.5,2.5,2.5,2.5,2.5,..
Prevalence of undernourishment (% of population),SN.ITK.DEFC.ZS,Sri Lanka,LKA,..,..,..,..,..,..,..,..,..,..,..,16.8,16.1,15.9,15.2,14.2,13.5,12.1,11.1,10.6,11,10.8,10,8.8,6.1,4.5,4.1,5,5.3,3.8,3.3,4.6,6.1,7.4,..
Prevalence of undernourishment (% of population),SN.ITK.DEFC.ZS,St. Kitts and Nevis,KNA,..,..,..,..,..,..,..,..,..,..,..,..,..,..,..,..,..,..,..,..,..,..,..,..,..,..,..,..,..,..,..,..,..,..,..
Prevalence of undernourishment (% of population),SN.ITK.DEFC.ZS,St. Lucia,LCA,..,..,..,..,..,..,..,..,..,..,..,..,..,..,..,..,..,..,..,..,..,..,..,..,..,..,..,..,..,..,..,..,..,..,..
Prevalence of undernourishment (% of population),SN.ITK.DEFC.ZS,St. Martin (French part),MAF,..,..,..,..,..,..,..,..,..,..,..,..,..,..,..,..,..,..,..,..,..,..,..,..,..,..,..,..,..,..,..,..,..,..,..
Prevalence of undernourishment (% of population),SN.ITK.DEFC.ZS,St. Vincent and the Grenadines,VCT,..,..,..,..,..,..,..,..,..,..,..,12.9,11.3,9.1,8.2,7.4,6.7,6.3,5.9,5.7,5.5,5.3,5,4.8,4.6,4.7,4.7,4.9,5.1,5.5,5.8,5.8,5.9,6.1,..
Prevalence of undernourishment (% of population),SN.ITK.DEFC.ZS,Sudan,SDN,..,..,..,..,..,..,..,..,..,..,..,..,..,..,..,..,..,..,..,..,..,..,..,8.7,8.4,8.9,9.8,10.3,10.8,10.8,11.1,11,..,..,..
Prevalence of undernourishment (% of population),SN.ITK.DEFC.ZS,Suriname,SUR,..,..,..,..,..,..,..,..,..,..,..,11.5,10.9,10.1,9.4,8.8,8,7.9,7.3,7.4,7.6,8.2,8.2,7.8,8,8.6,9.3,9.3,9,8.7,9,9.3,9.9,9.7,..
Prevalence of undernourishment (% of population),SN.ITK.DEFC.ZS,Sweden,SWE,..,..,..,..,..,..,..,..,..,..,..,2.5,2.5,2.5,2.5,2.5,2.5,2.5,2.5,2.5,2.5,2.5,2.5,2.5,2.5,2.5,2.5,2.5,2.5,2.5,2.5,2.5,2.5,2.5,..
Prevalence of undernourishment (% of population),SN.ITK.DEFC.ZS,Switzerland,CHE,..,..,..,..,..,..,..,..,..,..,..,2.5,2.5,2.5,2.5,2.5,2.5,2.5,2.5,2.5,2.5,2.5,2.5,2.5,2.5,2.5,2.5,2.5,2.5,2.5,2.5,2.5,2.5,2.5,..
Prevalence of undernourishment (% of population),SN.ITK.DEFC.ZS,Syrian Arab Republic,SYR,..,..,..,..,..,..,..,..,..,..,..,7.5,7.1,6.8,6.5,6.2,6,5.9,5.6,5.4,5.5,6.3,7.5,8.7,9.7,11.5,14.2,18.5,22.8,27.4,30.6,33.2,35.9,39,..
Prevalence of undernourishment (% of population),SN.ITK.DEFC.ZS,Tajikistan,TJK,..,..,..,..,..,..,..,..,..,..,..,40,41.3,41.7,40.3,38.1,35.1,32.2,29.3,26.6,24.2,22.5,21.4,20.3,18.5,16.1,13.9,12.2,10.3,9.7,9.1,9.2,8.6,8.4,..
Prevalence of undernourishment (% of population),SN.ITK.DEFC.ZS,Tanzania,TZA,..,..,..,..,..,..,..,..,..,..,..,32.8,33.6,32.1,31.5,28.5,27,25.9,25.1,24.6,23.7,22.7,21.7,21.2,21.1,21.3,21.9,22.6,22.9,23,22.8,22.4,21.4,20.2,..
Prevalence of undernourishment (% of population),SN.ITK.DEFC.ZS,Thailand,THA,..,..,..,..,..,..,..,..,..,..,..,17.3,16.3,14.9,13.6,11.8,10.6,10.1,10.6,10.4,10.2,9.4,9.3,8.7,8.2,7.8,7.9,8.1,7.6,6.8,6,5.4,5.1,4.6,..
Prevalence of undernourishment (% of population),SN.ITK.DEFC.ZS,Timor-Leste,TLS,..,..,..,..,..,..,..,..,..,..,..,54.9,43.4,35.6,32.4,30,27.6,25.3,23.2,21.1,19,17.6,16.7,15.4,14.8,14.9,15.4,16.2,16.3,17,17.5,18,18.2,18.7,..
Prevalence of undernourishment (% of population),SN.ITK.DEFC.ZS,Togo,TGO,..,..,..,..,..,..,..,..,..,..,..,28.8,28.8,27.7,26.2,24.8,23.6,22.2,20.7,19.9,19.6,20.1,19.9,19.6,20,20.1,20.6,20.4,19.7,18.2,15.9,13.7,11.1,9.1,..
Prevalence of undernourishment (% of population),SN.ITK.DEFC.ZS,Tonga,TON,..,..,..,..,..,..,..,..,..,..,..,..,..,..,..,..,..,..,..,..,..,..,..,..,..,..,..,..,..,..,..,..,..,..,..
Prevalence of undernourishment (% of population),SN.ITK.DEFC.ZS,Trinidad and Tobago,TTO,..,..,..,..,..,..,..,..,..,..,..,10.3,10.9,11.6,11.7,11.1,10.5,9.9,9.3,8.8,8,7.4,6.8,6.7,6.7,7,7,7.1,7.2,8.6,10.2,11.7,11.9,11.2,..
Prevalence of undernourishment (% of population),SN.ITK.DEFC.ZS,Tunisia,TUN,..,..,..,..,..,..,..,..,..,..,..,4,4.1,4.2,4.1,4,4,3.8,3.6,3.4,3.4,3.4,3.2,3.1,2.9,2.8,2.8,2.6,2.5,2.5,2.8,3.1,3.2,3,..
Prevalence of undernourishment (% of population),SN.ITK.DEFC.ZS,Turkiye,TUR,..,..,..,..,..,..,..,..,..,..,..,12.9,13.9,13.7,12.3,9.4,6.5,4.4,3.2,2.5,2.5,2.5,2.5,2.5,2.5,2.5,2.5,2.5,2.5,2.5,2.5,2.5,2.5,2.5,..
Prevalence of undernourishment (% of population),SN.ITK.DEFC.ZS,Turkmenistan,TKM,..,..,..,..,..,..,..,..,..,..,..,6,5.2,4.5,4.2,4.3,4.4,4.5,4.6,4.6,4.7,4.7,4.6,4.1,3.6,3.4,3.4,3.4,3.5,3.6,3.6,3.7,4,4.3,..
Prevalence of undernourishment (% of population),SN.ITK.DEFC.ZS,Turks and Caicos Islands,TCA,..,..,..,..,..,..,..,..,..,..,..,..,..,..,..,..,..,..,..,..,..,..,..,..,..,..,..,..,..,..,..,..,..,..,..
Prevalence of undernourishment (% of population),SN.ITK.DEFC.ZS,Tuvalu,TUV,..,..,..,..,..,..,..,..,..,..,..,..,..,..,..,..,..,..,..,..,..,..,..,..,..,..,..,..,..,..,..,..,..,..,..
Prevalence of undernourishment (% of population),SN.ITK.DEFC.ZS,Uganda,UGA,..,..,..,..,..,..,..,..,..,..,..,21.2,19.5,18.4,18.1,18.8,19.2,19.6,19.8,18.7,17.6,17.7,19.6,21.3,23.8,30.6,35.4,35.5,35.9,33.1,33.1,25.6,24.2,22,..
Prevalence of undernourishment (% of population),SN.ITK.DEFC.ZS,Ukraine,UKR,..,..,..,..,..,..,..,..,..,..,..,2.7,2.5,2.5,2.5,2.5,2.5,2.5,2.5,2.5,2.5,2.5,2.5,2.5,2.5,2.5,2.5,2.6,3,3.8,4.3,5.3,6,6.9,..
Prevalence of undernourishment (% of population),SN.ITK.DEFC.ZS,United Arab Emirates,ARE,..,..,..,..,..,..,..,..,..,..,..,2.5,2.5,2.5,2.5,3.1,3.8,4.6,5.3,5.9,5.6,4.9,3.9,3.5,3.5,3.6,3.5,3.4,2.9,2.8,2.5,2.5,2.5,2.5,..
Prevalence of undernourishment (% of population),SN.ITK.DEFC.ZS,United Kingdom,GBR,..,..,..,..,..,..,..,..,..,..,..,2.5,2.5,2.5,2.5,2.5,2.5,2.5,2.5,2.5,2.5,2.5,2.5,2.5,2.5,2.5,2.5,2.5,2.5,2.5,2.5,2.5,2.5,2.5,..
Prevalence of undernourishment (% of population),SN.ITK.DEFC.ZS,United States,USA,..,..,..,..,..,..,..,..,..,..,..,2.5,2.5,2.5,2.5,2.5,2.5,2.5,2.5,2.5,2.5,2.5,2.5,2.5,2.5,2.5,2.5,2.5,2.5,2.5,2.5,2.5,2.5,2.5,..
Prevalence of undernourishment (% of population),SN.ITK.DEFC.ZS,Uruguay,URY,..,..,..,..,..,..,..,..,..,..,..,3.6,3.3,3,2.6,2.5,2.5,2.5,2.5,2.5,2.5,2.5,2.5,2.5,2.5,2.5,2.5,2.5,2.5,2.5,2.5,2.5,2.5,2.5,..
Prevalence of undernourishment (% of population),SN.ITK.DEFC.ZS,Uzbekistan,UZB,..,..,..,..,..,..,..,..,..,..,..,19,20.4,18.9,16,13,10.3,8,6.2,4.8,3.6,2.8,2.5,2.5,2.5,2.5,2.5,2.5,2.5,2.5,2.5,2.5,2.5,2.5,..
Prevalence of undernourishment (% of population),SN.ITK.DEFC.ZS,Vanuatu,VUT,..,..,..,..,..,..,..,..,..,..,..,9.2,9.1,8.9,8.7,8.5,8,7.6,7.3,7,6.9,7.1,7.6,7.6,7.4,7.4,7.4,7.4,7.6,7.9,8.2,8.3,8,7.2,..
Prevalence of undernourishment (% of population),SN.ITK.DEFC.ZS,"Venezuela, RB",VEN,..,..,..,..,..,..,..,..,..,..,..,14.1,14.2,13.8,9.3,7.8,6.5,4.4,2.6,2.5,2.5,2.5,2.5,2.5,3.9,11.3,17.4,23.7,23.4,24.1,18.5,13,7.3,5.9,..
Prevalence of undernourishment (% of population),SN.ITK.DEFC.ZS,Viet Nam,VNM,..,..,..,..,..,..,..,..,..,..,..,19.5,17.7,16,15.3,15.2,14.9,13.8,12.5,11.3,10.4,9.3,8.8,8.4,8.3,8,7.7,7.3,6.9,6.4,5.9,5.6,5.4,5.3,..
Prevalence of undernourishment (% of population),SN.ITK.DEFC.ZS,Virgin Islands (U.S.),VIR,..,..,..,..,..,..,..,..,..,..,..,..,..,..,..,..,..,..,..,..,..,..,..,..,..,..,..,..,..,..,..,..,..,..,..
Prevalence of undernourishment (% of population),SN.ITK.DEFC.ZS,West Bank and Gaza,PSE,..,..,..,..,..,..,..,..,..,..,..,..,..,..,..,..,..,..,..,..,..,..,..,..,..,..,..,..,..,..,..,..,..,..,..
Prevalence of undernourishment (% of population),SN.ITK.DEFC.ZS,"Yemen, Rep.",YEM,..,..,..,..,..,..,..,..,..,..,..,..,..,..,..,..,..,..,..,..,..,..,..,..,..,..,..,..,..,..,..,..,..,..,..
Prevalence of undernourishment (% of population),SN.ITK.DEFC.ZS,Zambia,ZMB,..,..,..,..,..,..,..,..,..,..,..,50.3,50.1,50.1,49.5,49.4,48.1,46.8,45.6,44.9,43.9,42.8,41.1,39.1,37.3,35.1,33.4,31.8,31.5,32.1,33.9,35.7,36.2,37.2,..
Prevalence of undernourishment (% of population),SN.ITK.DEFC.ZS,Zimbabwe,ZWE,..,..,..,..,..,..,..,..,..,..,..,32.8,31.8,31.4,30.6,29.5,28.7,27.9,27.1,28,29.2,29.9,29.6,31.1,33.4,34.3,32.8,30.9,31,30,28.2,24.8,21.4,19.7,..
Prevalence of undernourishment (% of population),SN.ITK.DEFC.ZS,Africa Eastern and Southern,AFE,..,..,..,..,..,..,..,..,..,..,..,32.5645942453309,31.9350357855753,31.2662557629741,30.0511317738559,28.4763683484633,26.914058438974,25.8834080212087,24.8359419272766,23.9117369958069,23.0488067147033,22.5897009939207,22.3719965919962,21.3665223347147,21.565451461899,22.4137570934751,23.0294393963669,23.294658366462,23.4907463631339,24.1452738383161,24.9934817559762,25.0521825778987,26.1608677463918,26.0837782468882,..
Prevalence of undernourishment (% of population),SN.ITK.DEFC.ZS,Africa Western and Central,AFW,..,..,..,..,..,..,..,..,..,..,..,15.7854733453816,15.3283226885861,14.8775837487015,14.3432793621116,13.8453762595923,13.3482886483736,12.8617492158932,12.4626262838809,12.2803473663128,12.4037786661332,12.6240135326754,12.7749556565497,12.5855251034772,12.4209077117429,12.148140967411,12.0354556875194,12.250094166785,12.4297258173265,13.3282692322337,13.9111231926231,14.8348476661678,15.5202406590766,16.2438900635491,..
Prevalence of undernourishment (% of population),SN.ITK.DEFC.ZS,Arab World,ARB,..,..,..,..,..,..,..,..,..,..,..,9.87765510822003,9.72744586394623,9.67035105325062,9.62529297531287,9.39599272366028,9.16200463084899,8.92713126244478,8.73667728947698,8.63155073711354,8.60180078406826,8.57914749119964,8.60342812867047,8.65321480914556,8.70089887104271,8.86615607238631,9.19504467690292,9.45085572492021,9.63612084251668,10.0075236428171,10.5169657263349,11.1460124620494,11.7017578998128,12.0527911189753,..
Prevalence of undernourishment (% of population),SN.ITK.DEFC.ZS,Caribbean small states,CSS,..,..,..,..,..,..,..,..,..,..,..,8.72488803825527,8.7788456582025,8.92010476428037,8.8746667679974,8.52985974212112,8.18559420009655,8.00345309481073,7.72874553038889,7.64869910735178,7.41742731700499,7.11933786207462,6.71751065513536,6.4161303135324,6.22080328172214,6.17469815300357,6.04292364282882,6.00486242642802,5.88800596713611,6.31658368129858,6.97875837572849,7.63871204164373,7.8848300559226,7.72517100865792,..
Prevalence of undernourishment (% of population),SN.ITK.DEFC.ZS,Central Europe and the Baltics,CEB,..,..,..,..,..,..,..,..,..,..,..,3.25968886543523,3.1076721990499,3.04682858811924,3.00378254029118,2.94959692305055,2.94378166944954,2.90155608415465,2.86867393225701,2.82935212459676,2.84594060164671,2.88933745277302,2.83338518034159,2.77955498182477,2.78432042307163,2.7770714355129,2.7623167202607,2.64487252722734,2.58213530468879,2.54854113130969,2.53020255056517,2.52718031639148,2.53799495664471,2.53250073387682,..
Prevalence of undernourishment (% of population),SN.ITK.DEFC.ZS,Early-demographic dividend,EAR,..,..,..,..,..,..,..,..,..,..,..,17.2528538800164,17.8307311168428,18.3029434084317,18.1314410025205,17.4541572590858,16.005061444036,14.6139216697028,13.7112443074607,13.3134392020894,12.8816482642777,12.4166515009491,11.8043600115578,11.2566710337252,10.9446784939031,10.5344118698112,10.0810226109864,9.60308324589175,9.45857769202993,10.2480158349822,11.0123324355375,11.6004359042925,11.2564062188611,10.5728670526333,..
Prevalence of undernourishment (% of population),SN.ITK.DEFC.ZS,East Asia & Pacific,EAS,..,..,..,..,..,..,..,..,..,..,..,12.5900326395842,11.9462165174471,11.2418057360714,10.5842748332327,9.86809458287219,9.12829154862377,8.21554700661617,7.3407198518665,6.40518656714832,5.80926719208834,5.44451348712646,5.21257445273978,4.98184859445185,4.85382740029331,4.65458058070434,4.48974199291015,4.31838055221872,4.20099663115723,3.65780065465115,3.62369480459959,3.5824195315154,3.5337209237042,3.45452223147655,..
Prevalence of undernourishment (% of population),SN.ITK.DEFC.ZS,East Asia & Pacific (excluding high income),EAP,..,..,..,..,..,..,..,..,..,..,..,13.1239134704895,12.4366360457307,11.6892792580875,10.9991764861002,10.2407310413202,9.45942423140173,8.49492247025166,7.57322744329521,6.58727303495501,5.96052468083913,5.57510908507033,5.33075432959219,5.08990705740116,4.95835258908247,4.7488218463717,4.57507644493851,4.39557082702072,4.27430648451075,3.70309199412735,3.66572514912507,3.62095324248457,3.57006406348884,3.48713708399233,..
Prevalence of undernourishment (% of population),SN.ITK.DEFC.ZS,East Asia & Pacific (IDA & IBRD countries),TEA,..,..,..,..,..,..,..,..,..,..,..,12.8236774907633,12.1376250068696,11.4113256012836,10.7086340602706,9.92395277760818,9.10077599874667,8.09754442381723,7.14700143307143,6.13022774206762,5.4852338882653,5.09009284565243,4.84084470190362,4.59886642301384,4.45715333666804,4.23752730090732,4.05288073470354,3.8538050305531,3.73839504183825,3.70309199412735,3.66572514912507,3.62095324248457,3.57006406348884,3.48713708399233,..
Prevalence of undernourishment (% of population),SN.ITK.DEFC.ZS,Euro area,EMU,..,..,..,..,..,..,..,..,..,..,..,2.70144399643402,2.64510851866211,2.61505190011794,2.5897701014539,2.56703653967697,2.55790392028426,2.5509888905306,2.54125927405863,2.53800639250948,2.54520766638623,2.56087060925556,2.55231596664843,2.54912054029579,2.55066694798353,2.55057444729622,2.54418708876017,2.52523931058311,2.51259861929218,2.50472225151784,2.50314642364017,2.50784437526238,2.51091965740222,2.5093092939733,..
Prevalence of undernourishment (% of population),SN.ITK.DEFC.ZS,Europe & Central Asia,ECS,..,..,..,..,..,..,..,..,..,..,..,4.98534975457632,4.91056274601099,4.72009229316702,4.43589253364565,4.04922784915089,3.65519248408046,3.34669195490408,3.13080713449573,2.9765999020765,2.89409896037779,2.83622850707881,2.79024281104164,2.76470189672072,2.74172107886812,2.71870958830235,2.69405535931716,2.66691650878801,2.65501330193102,2.68585718802521,2.70753691869496,2.75890566998339,2.77099000341437,2.79192173074674,..
Prevalence of undernourishment (% of population),SN.ITK.DEFC.ZS,Europe & Central Asia (excluding high income),ECA,..,..,..,..,..,..,..,..,..,..,..,10.8392780559885,11.202919719417,10.8634962623727,9.88371856166419,8.38077192897533,6.8279278623893,5.63963955697158,4.80317101154591,4.21096262266664,3.87566339546601,3.62471314321393,3.46898363222932,3.39122037350288,3.29797312914534,3.21104880228236,3.12182435307656,3.06704873208599,3.04642408933338,3.17249141443528,3.25693534799407,3.44364868228955,3.48902665552133,3.57691826459737,..
Prevalence of undernourishment (% of population),SN.ITK.DEFC.ZS,Europe & Central Asia (IDA & IBRD countries),TEC,..,..,..,..,..,..,..,..,..,..,..,7.35229601294061,7.22363753624903,6.86139104388714,6.31270918390578,5.55569702026306,4.77319556004321,4.16283925013306,3.73832586290222,3.430688171234,3.26086748770235,3.13204355527281,3.04292352476577,2.99360600098609,2.94592264519406,2.89970055665918,2.85503857314072,2.81485391764635,2.80052107127748,2.86786508945569,2.91233923008582,3.01155398015743,3.03578072802453,3.08224803445921,..
Prevalence of undernourishment (% of population),SN.ITK.DEFC.ZS,European Union,EUU,..,..,..,..,..,..,..,..,..,..,..,2.69787002703805,2.65971276886915,2.64358781530584,2.63087550822531,2.61463261616531,2.61048394874798,2.59765775920251,2.58792648574933,2.57819925845701,2.581711317361,2.5918839172139,2.57837800737182,2.56544268137418,2.56629796555126,2.56428877694116,2.5605524724064,2.53329259209075,2.51878407829688,2.51106397728406,2.50684084328693,2.50610366767337,2.5085022443504,2.50725342349556,..
Prevalence of undernourishment (% of population),SN.ITK.DEFC.ZS,Fragile and conflict affected situations,FCS,..,..,..,..,..,..,..,..,..,..,..,23.8840009085284,23.0917858720396,22.2908565661265,21.1267615632317,20.0016364579075,18.8297148122822,17.72135251182,16.7047695088801,16.1171843619142,15.9029423844802,15.9967933737033,16.101431003919,15.5584500461447,15.4828246572001,15.852848757979,16.256583928171,16.8705164388316,17.2633852424827,18.3777332031328,19.1404842877042,19.8080335340234,20.6947321334045,21.284985182878,..
Prevalence of undernourishment (% of population),SN.ITK.DEFC.ZS,Heavily indebted poor countries (HIPC),HPC,..,..,..,..,..,..,..,..,..,..,..,31.5242166384986,30.6443811429335,29.693654245229,28.5762192024093,27.2100945892418,25.7070232049877,24.3806256877799,23.207015585745,22.3381967858102,21.7505303186721,21.4439854425296,21.3143522516257,20.4856621354889,20.4921863217554,20.9308407697162,21.2294831553983,21.3621454660791,21.5248780953699,21.9415245922374,22.435009950489,22.3097654809858,22.983154968042,23.0156122989618,..
Prevalence of undernourishment (% of population),SN.ITK.DEFC.ZS,High income,HIC,..,..,..,..,..,..,..,..,..,..,..,2.97466656910856,2.84559670350159,2.75990798337834,2.71173108090687,2.69425667077002,2.6850825770879,2.67413321402171,2.67110762009479,2.66456972005089,2.6641995276727,2.66439339047778,2.65406184663914,2.6329386504611,2.62291773287328,2.61801990065072,2.61527177769351,2.59676431667567,2.57737017600834,2.56620470506878,2.56388463694777,2.56853091348372,2.57145429276453,2.57020085158841,..
Prevalence of undernourishment (% of population),SN.ITK.DEFC.ZS,IBRD only,IBD,..,..,..,..,..,..,..,..,..,..,..,12.579295641673,12.683780796632,12.7380677103638,12.4843173037908,11.8800879695703,10.8018630392289,9.63717277895169,8.8068006682893,8.24645698824256,7.84007291354855,7.5387454779773,7.18959274482533,6.89538344469825,6.79140689605828,6.62149292687062,6.46841668890847,6.1518143296525,6.08231336075221,6.49433296574737,6.97492676111204,7.28403794690931,7.0280854755574,6.54588589720324,..
Prevalence of undernourishment (% of population),SN.ITK.DEFC.ZS,IDA & IBRD total,IBT,..,..,..,..,..,..,..,..,..,..,..,15.0330470659062,15.030087963015,14.9481267954519,14.5219417115594,13.8241943910963,12.7626685124264,11.7059084354619,10.9417738869459,10.4365566865288,10.072301655912,9.81771552402725,9.52811249617085,9.26227590425906,9.14424078272682,9.04095636126962,8.91158838296767,8.73931516655143,8.69952982550094,9.21783005239672,9.78626718898376,10.2430905939911,10.1874450887777,9.92599083657333,..
Prevalence of undernourishment (% of population),SN.ITK.DEFC.ZS,IDA blend,IDB,..,..,..,..,..,..,..,..,..,..,..,18.0048066636155,18.3097666834551,17.8864517279316,16.6327186134837,15.5139750633088,14.6323557652967,14.3199224279965,14.2151814067506,14.1819383588959,14.1101502204857,14.0646171433081,13.9074599237884,13.659635386735,13.3721295536765,13.0226405218959,12.3882750086171,12.75823865837,12.5682780992273,14.0740429259991,14.9174269046386,17.0092374195582,17.7491373464458,18.1853752342537,..
Prevalence of undernourishment (% of population),SN.ITK.DEFC.ZS,IDA only,IDX,..,..,..,..,..,..,..,..,..,..,..,27.7693046342191,26.7760011510038,25.9381114195895,24.8704081518982,23.7580901617717,22.5439305060335,21.4932618053412,20.5530756019278,19.9216115789962,19.4631123037411,19.18536435134,18.9931255796781,18.3646391189581,18.1575686477097,18.3904050135442,18.5239173986277,18.5610864944221,18.5800450163299,18.8379516306071,19.3565002214532,19.3239064117681,19.8824730898188,20.0107560329547,..
Prevalence of undernourishment (% of population),SN.ITK.DEFC.ZS,IDA total,IDA,..,..,..,..,..,..,..,..,..,..,..,24.1349216344471,23.6221754991227,22.936849483884,21.7951585930116,20.6761775328071,19.5829537124839,18.8028807448448,18.1694574268287,17.7569961129798,17.4391909902261,17.2461263515993,17.0657708066731,16.6257256421585,16.3890389520192,16.4082883988784,16.2625313947316,16.4269101874645,16.3730695777158,17.0925059191278,17.7432482091042,18.4839527193053,19.0875545992421,19.3294798861026,..
Prevalence of undernourishment (% of population),SN.ITK.DEFC.ZS,Late-demographic dividend,LTE,..,..,..,..,..,..,..,..,..,..,..,10.0670535103948,9.32348614617673,8.57725992372208,7.87687644243959,7.2007773322308,6.54904814604498,5.74109477298491,5.04223382613473,4.3322006765905,3.99631275097772,3.86668832264214,3.77569743681368,3.68725249150029,3.62019060578115,3.56744765050803,3.54189395718474,3.53649875205832,3.48846995128338,2.93295731506436,2.93530690455262,2.99290017178539,2.9756601011572,2.89696535144063,..
Prevalence of undernourishment (% of population),SN.ITK.DEFC.ZS,Latin America & Caribbean,LCN,..,..,..,..,..,..,..,..,..,..,..,10.3635401658653,10.1061322253008,9.80499893827008,9.14540895465844,8.56152709047677,7.86797004262315,7.35063108286743,6.8906440549182,6.52944761681028,6.15952886780258,5.83094543590231,5.57000152108009,5.32877132896898,5.24052896006188,5.53387601928329,5.80077695392326,6.11610572836736,6.04342631114664,6.08201202617102,5.94236286353913,6.0188366409048,5.71906432439058,5.33579607562569,..
Prevalence of undernourishment (% of population),SN.ITK.DEFC.ZS,Latin America & Caribbean (excluding high income),LAC,..,..,..,..,..,..,..,..,..,..,..,10.4363337643049,10.1689570508874,9.86780212290834,9.38704174503222,8.83751531518493,8.14568456573338,7.70646487768915,7.28859580363491,6.88809467713954,6.47520132564929,6.1146930147172,5.8370535382688,5.57594544592975,5.40482248802554,5.31660577619269,5.27507277724748,5.30186827738802,5.28109518725636,5.33535599111274,5.48544689924418,5.84333467066491,5.78852228189293,5.43519526719137,..
Prevalence of undernourishment (% of population),SN.ITK.DEFC.ZS,Latin America & the Caribbean (IDA & IBRD countries),TLA,..,..,..,..,..,..,..,..,..,..,..,10.5348912479061,10.2701028030557,9.96085330929213,9.28575478640213,8.68823431329891,7.97897609375321,7.35063108286743,6.8906440549182,6.52944761681028,6.15952886780258,5.83094543590231,5.57000152108009,5.32877132896898,5.24052896006188,5.53387601928329,5.80077695392325,6.11610572836736,6.04342631114664,6.08201202617102,5.94236286353913,6.0188366409048,5.71906432439058,5.3357960756257,..
Prevalence of undernourishment (% of population),SN.ITK.DEFC.ZS,Least developed countries: UN classification,LDC,..,..,..,..,..,..,..,..,..,..,..,30.3430480565468,29.2301011662536,28.1904127099525,26.9144052511233,25.5827417908669,24.1536342095923,22.9550613750448,21.8843823829208,21.1436753165428,20.5578105895757,20.2016365489089,19.9389366681924,19.1553595918194,18.9242237923971,19.1898927891192,19.3383908659852,19.3199435357283,19.3205433887295,19.6329856188939,20.2253832457034,20.1565155686429,20.7057903269415,20.6691062772213,..
Prevalence of undernourishment (% of population),SN.ITK.DEFC.ZS,Low & middle income,LMY,..,..,..,..,..,..,..,..,..,..,..,15.2245687562105,15.273743642022,15.2042540135779,14.8055731974923,14.1077712014917,13.044922346319,12.0072130417136,11.2495264958743,10.7500387681117,10.3829577566373,10.1273204454957,9.83937041766957,9.5858278239359,9.49467629464789,9.37258201973126,9.21299803596875,8.98242474808618,8.90098856917836,9.23988254336302,9.83139448893181,10.3288128144345,10.2965997719667,10.0286265392727,..
Prevalence of undernourishment (% of population),SN.ITK.DEFC.ZS,Low income,LIC,..,..,..,..,..,..,..,..,..,..,..,29.9397977324766,29.3414613077795,28.4443717014591,27.6148043149942,26.8504901010834,26.0094309391754,25.2895548409464,24.6215608682273,24.1729830955319,23.9010127939148,24.0454900493344,24.6318344059035,23.7437437434467,24.6465025146241,26.0366161302008,26.9419220627833,27.1760282536898,27.1940635753866,26.4182648417283,26.8643682756156,26.4526531610271,28.2314953888797,28.4320403070358,..
Prevalence of undernourishment (% of population),SN.ITK.DEFC.ZS,Lower middle income,LMC,..,..,..,..,..,..,..,..,..,..,..,18.7321043276061,19.3178817212043,19.7392052388054,19.5102656510732,18.7507135302841,17.2416922902085,15.7958652471057,14.9115687539754,14.5907843834404,14.2446277353985,13.8797837292862,13.3175667504911,12.8443045616228,12.5308530854355,12.0751157982331,11.559728484074,11.0013467822585,10.7550555090269,11.6310006856069,12.6252684219555,13.5802865582725,13.4238785852759,12.8160896610388,..
Prevalence of undernourishment (% of population),SN.ITK.DEFC.ZS,"Middle East, North Africa, Afghanistan & Pakistan",MEA,..,..,..,..,..,..,..,..,..,..,..,12.9019806350365,13.0231526028047,12.6092040996969,11.8336433024573,11.1365138619436,10.5175224894114,10.0871815463264,9.92464058560509,9.90975078587348,10.0589495933977,10.1196449042495,10.116921137602,9.93945297848607,9.78403169402835,9.55010818101172,9.13632278726971,9.4091475850994,9.33835426438719,10.3495989320684,10.8532737378246,12.2635767258698,12.5931599099575,12.6525281090068,..
Prevalence of undernourishment (% of population),SN.ITK.DEFC.ZS,"Middle East, North Africa, Afghanistan & Pakistan (excluding high income)",MNA,..,..,..,..,..,..,..,..,..,..,..,13.4893475540766,13.6302711282435,13.2057766682414,12.3997624935718,11.6767165448902,11.0352228182779,10.5959471350048,10.4393655251701,10.4431059387859,10.5950340121848,10.6815568497208,10.6943772392109,10.5390567413321,10.3818926642901,10.1500138323535,9.71165915471202,10.0107365967335,9.93261092038879,11.0326485866271,11.5945153803198,13.1131100343608,13.4936504122932,13.5839509043984,..
Prevalence of undernourishment (% of population),SN.ITK.DEFC.ZS,"Middle East, North Africa, Afghanistan & Pakistan (IDA & IBRD)",TMN,..,..,..,..,..,..,..,..,..,..,..,13.4893475540766,13.6302711282435,13.2057766682414,12.3997624935718,11.6767165448902,11.0352228182779,10.5959471350048,10.4393655251701,10.4431059387859,10.5950340121848,10.6815568497208,10.6943772392109,10.5390567413321,10.3818926642901,10.1500138323535,9.71165915471202,10.0107365967335,9.93261092038879,11.0326485866271,11.5945153803198,13.1131100343608,13.4936504122932,13.5839509043984,..
Prevalence of undernourishment (% of population),SN.ITK.DEFC.ZS,Middle income,MIC,..,..,..,..,..,..,..,..,..,..,..,14.3588012136551,14.4333747804776,14.4003837131599,14.0164122229779,13.3106852887481,12.2201415121673,11.1461652999829,10.3695593752709,9.8537624217114,9.46699363878511,9.17000856740368,8.80800313467259,8.48630018346249,8.30415951186864,8.04557626384249,7.77870071832686,7.48445312871498,7.36751069271856,7.85204811950145,8.39531193044918,8.94195389532178,8.87534853313132,8.53576914874589,..
Prevalence of undernourishment (% of population),SN.ITK.DEFC.ZS,North America,NAC,..,..,..,..,..,..,..,..,..,..,..,2.5,2.5,2.5,2.5,2.5,2.5,2.5,2.5,2.5,2.5,2.5,2.5,2.5,2.5,2.5,2.5,2.5,2.5,2.5,2.5,2.5,2.5,2.5,..
Prevalence of undernourishment (% of population),SN.ITK.DEFC.ZS,Not classified,INX,..,..,..,..,..,..,..,..,..,..,..,..,..,..,..,..,..,..,..,..,..,..,..,..,..,..,..,..,..,..,..,..,..,..,..
Prevalence of undernourishment (% of population),SN.ITK.DEFC.ZS,OECD members,OED,..,..,..,..,..,..,..,..,..,..,..,3.42589845059464,3.54008946022208,3.61567049234764,3.57903730444902,3.41074513513467,3.21684128898913,3.06583657730631,3.02780925252306,3.00969502364846,3.00806689385282,2.96407650401924,2.89733139609373,2.823473235638,2.77587023768826,2.74449773292738,2.71981730022113,2.70451207278018,2.69044019457493,2.66041465226563,2.63132400017362,2.61913037454963,2.59985863160364,2.58109477984764,..
Prevalence of undernourishment (% of population),SN.ITK.DEFC.ZS,Other small states,OSS,..,..,..,..,..,..,..,..,..,..,..,15.5056532734043,14.2228755453674,12.8499658349927,11.8598677907306,11.2048700628908,10.7264543521884,10.5623233850869,10.5471048274013,10.8265831668815,10.8040699406927,10.6032399650958,10.0356972930316,9.42773693207934,9.10891632338803,9.053351576276,9.05866474171426,8.93089052649875,8.67480863276465,8.5422041717364,8.58765228661446,8.8211216779137,9.15779063646851,9.51877331521821,..
Prevalence of undernourishment (% of population),SN.ITK.DEFC.ZS,Pacific island small states,PSS,..,..,..,..,..,..,..,..,..,..,..,6.19916829859357,6.22777693900078,6.25484162266913,6.5581729560125,6.87110344116155,7.28171141615861,7.58775415753749,8.10800164889672,8.3602982683321,8.66956269203504,9.1431703302812,9.68354154968089,10.0594532421188,10.0925568315375,10.1828083004036,10.2201900709181,10.1569095384103,9.91291126295396,10.0130799935823,10.8693943289429,11.6056838620803,11.8218254930351,10.8259295866907,..
Prevalence of undernourishment (% of population),SN.ITK.DEFC.ZS,Post-demographic dividend,PST,..,..,..,..,..,..,..,..,..,..,..,2.58853781432702,2.57708165175188,2.58157401960268,2.56735619215808,2.55046928409848,2.53896186296652,2.53433391941245,2.53258966838016,2.5284063491376,2.52758638698666,2.52664729538961,2.52144374935792,2.51608853915192,2.51618619247293,2.51420925175711,2.5146716285321,2.51342981874606,2.52983764094977,2.56698770880382,2.58923076011178,2.63459718511288,2.65627149970912,2.68064290366568,..
Prevalence of undernourishment (% of population),SN.ITK.DEFC.ZS,Pre-demographic dividend,PRE,..,..,..,..,..,..,..,..,..,..,..,25.3131436975399,24.9781848885864,24.260633317155,23.2411114275868,22.0274532832513,21.0114731308301,20.3321276899003,19.671571084606,19.0827722344887,18.6304742064007,18.5640224890636,18.7211456589964,18.316114602938,18.5523703975791,19.2029408412655,19.7349751215962,20.006678803498,20.0418714270406,20.6761279974291,21.4304843227002,21.9956686458115,23.0433911776929,23.3958412386114,..
Prevalence of undernourishment (% of population),SN.ITK.DEFC.ZS,Small states,SST,..,..,..,..,..,..,..,..,..,..,..,12.6971849974665,11.9099185054642,11.0760161769187,10.4729435119588,10.0217195912872,9.69148343472134,9.58625364748656,9.58401223165644,9.78064884668459,9.75611483724816,9.6236156314997,9.24309126359098,8.8381875198132,8.59718818275654,8.56661440540814,8.54896288607123,8.4535262671028,8.23102932272742,8.25554198812672,8.5514371806457,8.95054702123366,9.25350767719086,9.31527974540914,..
Prevalence of undernourishment (% of population),SN.ITK.DEFC.ZS,South Asia,SAS,..,..,..,..,..,..,..,..,..,..,..,17.9082402214658,19.1369795667745,20.4030313412342,20.7699202587855,20.269125919691,18.3880967092863,16.4472152042256,15.3662887685736,15.1801091128215,14.85546216639,14.4730907865719,13.6851076721982,13.0765786272885,12.7429383238736,12.2273255719391,11.6848561815597,10.7109395883132,10.4774061592351,11.4712130531912,12.8461814619628,13.5936788402546,12.9558522136708,11.6540767482337,..
Prevalence of undernourishment (% of population),SN.ITK.DEFC.ZS,South Asia (IDA & IBRD),TSA,..,..,..,..,..,..,..,..,..,..,..,17.9082402214658,19.1369795667745,20.4030313412342,20.7699202587855,20.269125919691,18.3880967092863,16.4472152042256,15.3662887685736,15.1801091128215,14.85546216639,14.4730907865719,13.6851076721982,13.0765786272885,12.7429383238736,12.2273255719391,11.6848561815597,10.7109395883132,10.4774061592351,11.4712130531912,12.8461814619628,13.5936788402546,12.9558522136708,11.6540767482337,..
Prevalence of undernourishment (% of population),SN.ITK.DEFC.ZS,Sub-Saharan Africa,SSF,..,..,..,..,..,..,..,..,..,..,..,25.3184228917735,24.7548302960504,24.172473589165,23.2446395636853,22.1298329914054,21.0241674148565,20.2250354541024,19.4547994570966,18.8496494384891,18.4133759896181,18.2465101877143,18.187533460429,17.6919019134649,17.7392260277329,18.1210256353166,18.4348324452781,18.6837332748416,18.8804146691059,19.6440727586176,20.4333263115939,20.8552296047433,21.6109990890393,21.8817365693588,..
Prevalence of undernourishment (% of population),SN.ITK.DEFC.ZS,Sub-Saharan Africa (excluding high income),SSA,..,..,..,..,..,..,..,..,..,..,..,22.8467536727893,22.5524446947708,22.0839483474992,21.3385227029565,20.4097275112416,19.6137431795369,19.1145519427973,18.6252036493759,18.2370622187939,17.9294589530393,17.8878500804304,17.9921726748827,17.6922884399245,18.0363291948576,18.6486359974861,19.068722591307,19.2186224256964,19.2055230037911,19.7789913107966,20.450431390404,20.8864621846032,21.7843981731634,22.1488765902807,..
Prevalence of undernourishment (% of population),SN.ITK.DEFC.ZS,Sub-Saharan Africa (IDA & IBRD countries),TSS,..,..,..,..,..,..,..,..,..,..,..,25.3184228917735,24.7548302960504,24.172473589165,23.2446395636853,22.1298329914054,21.0241674148565,20.2250354541024,19.4547994570966,18.8496494384891,18.4133759896181,18.2465101877143,18.187533460429,17.6919019134649,17.7392260277329,18.1210256353166,18.4348324452781,18.6837332748416,18.8804146691059,19.6440727586176,20.4333263115939,20.8552296047433,21.6109990890393,21.8817365693588,..
Prevalence of undernourishment (% of population),SN.ITK.DEFC.ZS,Upper middle income,UMC,..,..,..,..,..,..,..,..,..,..,..,10.400518862258,9.96678538751466,9.46928773135162,8.89196701261225,8.18866966977386,7.44683449514782,6.66033346838692,5.9463586897612,5.19869604140219,4.72866891384668,4.45825381536651,4.26276239548687,4.06348765678702,3.98343371657438,3.89770067057788,3.85955843751319,3.81500060477913,3.80934522872914,3.85460795179275,3.88445283402425,3.95270679852813,3.93507106982339,3.84854726733667,..
Prevalence of undernourishment (% of population),SN.ITK.DEFC.ZS,World,WLD,..,..,..,..,..,..,..,..,..,..,..,12.8,12.9,12.8,12.4,11.9,11,10.1,9.5,9.1,8.7,8.4,8.1,7.8,7.7,7.6,7.5,7.4,7.3,7.8,8.2,8.6,8.6,8.5,..
,,,,,,,,,,,,,,,,,,,,,,,,,,,,,,,,,,,,,,
,,,,,,,,,,,,,,,,,,,,,,,,,,,,,,,,,,,,,,
,,,,,,,,,,,,,,,,,,,,,,,,,,,,,,,,,,,,,,
Data from database: World Development Indicators,,,,,,,,,,,,,,,,,,,,,,,,,,,,,,,,,,,,,,
Last Updated: 04/08/2026,,,,,,,,,,,,,,,,,,,,,,,,,,,,,,,,,,,,,,
Code,License Type,Indicator Name,Long definition,Source,Topic,Dataset,Unit of measure,Periodicity,Reference period,Aggregation method,Statistical concept and methodology,Development relevance,Limitations and exceptions,Other notes,License URL
SN.ITK.DEFC.ZS,CC BY-4.0,Prevalence of undernourishment (% of population),Prevalence of undernourishments is the percentage of the population whose habitual food consumption is insufficient to provide the dietary energy levels that are required to maintain a normal active and healthy life. Data showing as 2.5 may signify a prevalence of undernourishment below 2.5%.,"Food and Agriculture Organization of the United Nations (FAO), uri: http://www.fao.org/faostat/en/#home",Health: Nutrition,WB_WDI,Percentage,Annual,2001-2023,Weighted average,"Methodology: Data on undernourishment are from the Food and Agriculture Organization (FAO) of the United Nations and measure food deprivation based on average food available for human consumption per person, the level of inequality in access to food, and the minimum calories required for an average person.
Statistical concept(s): Data on undernourishment are from the Food and Agriculture Organization (FAO) of the United Nations and measure food deprivation based on average food available for human consumption per person, the level of inequality in access to food, and the minimum calories required for an average person.","Good nutrition is the cornerstone for survival, health and development. Well-nourished children perform better in school, grow into healthy adults and in turn give their children a better start in life. Well-nourished women face fewer risks during pregnancy and childbirth, and their children set off on firmer developmental paths, both physically and mentally (UNICEF www.childinfo.org).","From a policy and program standpoint, this measure has its limits. First, food insecurity exists even where food availability is not a problem because of inadequate access of poor households to food. Second, food insecurity is an individual or household phenomenon, and the average food available to each person, even corrected for possible effects of low income, is not a good predictor of food insecurity among the population. And third, nutrition security is determined not only by food security but also by the quality of care of mothers and children and the quality of the household's health environment (Smith and Haddad 2000).",This is the Sustainable Development Goal indicator 2.1.1[https://unstats.un.org/sdgs/metadata/].,https://datacatalog.worldbank.org/public-licenses#cc-by
