Series Name,Series Code,Country Name,Country Code,1990 [YR1990],1991 [YR1991],1992 [YR1992],1993 [YR1993],1994 [YR1994],1995 [YR1995],1996 [YR1996],1997 [YR1997],1998 [YR1998],1999 [YR1999],2000 [YR2000],2001 [YR2001],2002 [YR2002],2003 [YR2003],2004 [YR2004],2005 [YR2005],2006 [YR2006],2007 [YR2007],2008 [YR2008],2009 [YR2009],2010 [YR2010],2011 [YR2011],2012 [YR2012],2013 [YR2013],2014 [YR2014],2015 [YR2015],2016 [YR2016],2017 [YR2017],2018 [YR2018],2019 [YR2019],2020 [YR2020]
"Immunization, DPT (% of children ages 12-23 months)",SH.IMM.IDPT,Afghanistan,AFG,25,23,21,18,12,20,31,28,27,27,24,33,36,41,50,58,58,63,64,63,66,68,67,64,62,64,66,64,68,65,61
"Immunization, DPT (% of children ages 12-23 months)",SH.IMM.IDPT,Albania,ALB,94,78,94,96,99,97,98,99,96,97,97,97,98,97,97,98,97,98,99,98,99,99,99,99,99,99,99,99,99,99,98
"Immunization, DPT (% of children ages 12-23 months)",SH.IMM.IDPT,Algeria,DZA,89,89,88,88,87,88,88,89,85,83,86,89,86,87,86,88,95,95,93,95,95,95,95,95,95,95,91,91,91,88,84
"Immunization, DPT (% of children ages 12-23 months)",SH.IMM.IDPT,American Samoa,ASM,..,..,..,..,..,..,..,..,..,..,..,..,..,..,..,..,..,..,..,..,..,..,..,..,..,..,..,..,..,..,..
"Immunization, DPT (% of children ages 12-23 months)",SH.IMM.IDPT,Andorra,AND,..,..,..,..,..,..,..,90,89,90,98,96,97,99,99,98,93,96,99,99,99,99,99,96,97,97,98,99,99,99,99
"Immunization, DPT (% of children ages 12-23 months)",SH.IMM.IDPT,Angola,AGO,24,26,21,30,27,24,28,41,47,21,31,42,47,46,47,47,44,43,45,47,49,50,52,54,55,57,59,58,67,64,59
"Immunization, DPT (% of children ages 12-23 months)",SH.IMM.IDPT,Antigua and Barbuda,ATG,99,94,99,99,99,99,99,99,99,99,95,97,98,99,97,99,99,99,99,99,98,99,98,99,99,99,92,95,95,99,96
"Immunization, DPT (% of children ages 12-23 months)",SH.IMM.IDPT,Argentina,ARG,87,80,81,81,82,85,83,88,84,86,83,83,93,96,98,98,91,91,93,94,94,91,91,94,94,94,92,88,86,83,74
"Immunization, DPT (% of children ages 12-23 months)",SH.IMM.IDPT,Armenia,ARM,..,..,85,85,86,98,86,88,82,91,93,94,94,94,91,90,87,88,89,93,94,95,95,95,93,94,94,94,92,92,91
"Immunization, DPT (% of children ages 12-23 months)",SH.IMM.IDPT,Aruba,ABW,..,..,..,..,..,..,..,..,..,..,..,..,..,..,..,..,..,..,..,..,..,..,..,..,..,..,..,..,..,..,..
"Immunization, DPT (% of children ages 12-23 months)",SH.IMM.IDPT,Australia,AUS,95,93,91,90,88,86,86,77,82,88,90,92,92,93,92,92,92,92,92,92,92,92,92,91,92,93,94,95,95,95,95
"Immunization, DPT (% of children ages 12-23 months)",SH.IMM.IDPT,Austria,AUT,90,90,90,90,90,90,90,90,82,74,81,84,83,84,83,86,83,85,83,83,86,89,92,95,98,93,87,90,85,88,85
"Immunization, DPT (% of children ages 12-23 months)",SH.IMM.IDPT,Azerbaijan,AZE,..,..,58,66,69,74,74,70,73,75,76,77,76,77,77,75,78,79,81,81,81,82,79,78,78,79,78,76,74,74,56
"Immunization, DPT (% of children ages 12-23 months)",SH.IMM.IDPT,"Bahamas, The",BHS,86,92,92,91,91,87,85,86,89,82,99,99,94,92,93,93,95,95,93,96,99,98,98,97,96,95,94,94,90,89,83
"Immunization, DPT (% of children ages 12-23 months)",SH.IMM.IDPT,Bahrain,BHR,94,99,94,94,96,95,96,98,98,97,97,99,98,97,98,98,98,97,97,98,99,99,99,99,99,98,99,97,99,99,98
"Immunization, DPT (% of children ages 12-23 months)",SH.IMM.IDPT,Bangladesh,BGD,69,74,66,74,84,69,77,78,77,80,82,85,83,87,99,93,94,94,96,97,94,96,94,96,97,98,98,98,98,98,97
"Immunization, DPT (% of children ages 12-23 months)",SH.IMM.IDPT,Barbados,BRB,91,82,90,86,90,93,85,96,93,87,93,84,87,89,93,92,84,93,85,93,86,91,87,91,94,97,97,90,95,90,85
"Immunization, DPT (% of children ages 12-23 months)",SH.IMM.IDPT,Belarus,BLR,..,..,90,91,92,96,98,98,99,99,99,99,99,50,99,99,99,95,97,96,98,98,98,98,97,99,98,97,97,98,97
"Immunization, DPT (% of children ages 12-23 months)",SH.IMM.IDPT,Belgium,BEL,93,92,95,97,96,94,95,87,79,87,95,95,95,95,95,97,98,98,99,98,98,98,99,99,99,99,98,98,98,97,98
"Immunization, DPT (% of children ages 12-23 months)",SH.IMM.IDPT,Belize,BLZ,91,82,74,85,88,83,85,86,87,87,91,96,89,96,97,96,98,96,94,97,96,95,98,95,95,94,95,88,96,98,79
"Immunization, DPT (% of children ages 12-23 months)",SH.IMM.IDPT,Benin,BEN,74,69,73,75,81,67,66,66,70,74,78,76,75,73,72,70,74,82,75,79,76,75,80,77,74,74,78,76,74,72,70
"Immunization, DPT (% of children ages 12-23 months)",SH.IMM.IDPT,Bermuda,BMU,..,..,..,..,..,..,..,..,..,..,..,..,..,..,..,..,..,..,..,..,..,..,..,..,..,..,..,..,..,..,..
"Immunization, DPT (% of children ages 12-23 months)",SH.IMM.IDPT,Bhutan,BTN,96,91,86,79,86,87,87,87,86,90,92,88,86,95,89,95,95,95,96,93,91,95,97,97,99,99,98,98,97,97,95
"Immunization, DPT (% of children ages 12-23 months)",SH.IMM.IDPT,Bolivia,BOL,41,43,45,52,58,64,61,58,61,77,75,71,77,88,84,85,83,84,88,93,91,95,93,86,85,89,87,84,83,75,68
"Immunization, DPT (% of children ages 12-23 months)",SH.IMM.IDPT,Bosnia and Herzegovina,BIH,..,..,58,38,82,55,67,79,89,90,85,91,80,87,84,93,87,95,91,90,89,88,92,89,86,82,78,75,73,80,78
"Immunization, DPT (% of children ages 12-23 months)",SH.IMM.IDPT,Botswana,BWA,92,93,94,94,94,95,96,96,98,97,97,97,97,96,96,96,96,96,96,96,95,95,95,95,95,95,95,95,95,95,95
"Immunization, DPT (% of children ages 12-23 months)",SH.IMM.IDPT,Brazil,BRA,66,78,71,75,74,81,77,79,93,94,98,98,99,99,99,99,99,99,99,99,99,99,95,97,93,96,89,83,87,70,77
"Immunization, DPT (% of children ages 12-23 months)",SH.IMM.IDPT,British Virgin Islands,VGB,..,..,..,..,..,..,..,..,..,..,..,..,..,..,..,..,..,..,..,..,..,..,..,..,..,..,..,..,..,..,..
"Immunization, DPT (% of children ages 12-23 months)",SH.IMM.IDPT,Brunei Darussalam,BRN,93,95,96,99,99,99,99,99,97,92,99,97,94,92,92,94,97,99,98,99,95,97,95,99,99,99,99,99,99,99,99
"Immunization, DPT (% of children ages 12-23 months)",SH.IMM.IDPT,Bulgaria,BGR,99,99,98,98,93,96,95,94,95,96,93,94,93,96,95,96,95,95,95,94,94,95,95,95,88,91,92,92,92,93,91
"Immunization, DPT (% of children ages 12-23 months)",SH.IMM.IDPT,Burkina Faso,BFA,66,53,39,39,36,34,37,39,15,15,45,62,69,79,79,82,86,89,93,92,91,91,90,88,91,91,91,91,91,91,91
"Immunization, DPT (% of children ages 12-23 months)",SH.IMM.IDPT,Burundi,BDI,86,83,80,63,48,73,73,74,65,79,80,81,81,82,83,87,92,99,92,94,96,96,96,96,95,94,94,91,90,93,93
"Immunization, DPT (% of children ages 12-23 months)",SH.IMM.IDPT,Cabo Verde,CPV,88,87,88,89,89,88,88,87,88,89,90,90,91,92,93,95,96,98,99,99,99,90,94,93,95,93,96,96,98,96,93
"Immunization, DPT (% of children ages 12-23 months)",SH.IMM.IDPT,Cambodia,KHM,38,38,32,35,37,39,43,46,47,53,59,60,54,69,85,82,80,82,91,94,90,91,90,86,90,91,91,90,89,88,86
"Immunization, DPT (% of children ages 12-23 months)",SH.IMM.IDPT,Cameroon,CMR,48,42,37,37,38,46,46,48,56,59,62,63,66,73,73,80,81,82,84,80,84,81,79,76,76,76,78,74,68,67,68
"Immunization, DPT (% of children ages 12-23 months)",SH.IMM.IDPT,Canada,CAN,88,88,89,90,93,87,90,86,90,90,89,89,88,91,91,93,95,94,92,91,89,87,91,91,91,91,91,91,91,91,92
"Immunization, DPT (% of children ages 12-23 months)",SH.IMM.IDPT,Cayman Islands,CYM,..,..,..,..,..,..,..,..,..,..,..,..,..,..,..,..,..,..,..,..,..,..,..,..,..,..,..,..,..,..,..
"Immunization, DPT (% of children ages 12-23 months)",SH.IMM.IDPT,Central African Republic,CAF,82,64,45,47,48,53,48,43,43,33,37,40,44,47,51,54,51,48,45,42,45,47,47,23,45,43,42,42,40,38,37
"Immunization, DPT (% of children ages 12-23 months)",SH.IMM.IDPT,Chad,TCD,20,18,10,13,18,18,20,24,37,45,38,26,25,23,22,26,41,29,19,26,40,33,40,39,36,42,41,41,47,53,55
"Immunization, DPT (% of children ages 12-23 months)",SH.IMM.IDPT,Channel Islands,CHI,..,..,..,..,..,..,..,..,..,..,..,..,..,..,..,..,..,..,..,..,..,..,..,..,..,..,..,..,..,..,..
"Immunization, DPT (% of children ages 12-23 months)",SH.IMM.IDPT,Chile,CHL,95,94,90,90,94,94,91,90,90,95,91,97,97,96,93,91,94,96,95,94,92,94,90,91,95,96,95,93,95,96,93
"Immunization, DPT (% of children ages 12-23 months)",SH.IMM.IDPT,China,CHN,97,94,91,88,85,80,83,84,84,85,85,86,86,86,87,87,93,93,97,99,99,99,99,99,99,99,99,99,99,99,99
"Immunization, DPT (% of children ages 12-23 months)",SH.IMM.IDPT,Colombia,COL,88,84,78,88,85,85,85,84,73,74,79,80,81,92,89,93,93,94,92,92,88,85,92,91,90,91,91,92,92,94,88
"Immunization, DPT (% of children ages 12-23 months)",SH.IMM.IDPT,Comoros,COM,94,52,38,70,58,75,60,48,75,73,70,70,89,80,76,68,69,75,81,83,74,83,86,83,80,80,75,79,77,78,74
"Immunization, DPT (% of children ages 12-23 months)",SH.IMM.IDPT,"Congo, Dem. Rep.",COD,35,16,23,29,26,23,18,18,18,25,30,30,38,42,54,61,62,65,68,71,60,70,71,71,73,70,70,71,71,73,70
"Immunization, DPT (% of children ages 12-23 months)",SH.IMM.IDPT,"Congo, Rep.",COG,79,74,67,60,55,50,37,23,26,29,33,31,41,50,67,63,74,73,80,80,76,83,85,85,90,80,71,69,75,79,73
"Immunization, DPT (% of children ages 12-23 months)",SH.IMM.IDPT,Costa Rica,CRI,95,90,90,88,88,85,85,94,85,86,88,91,94,88,90,91,89,89,90,86,88,85,91,95,91,92,97,96,94,95,97
"Immunization, DPT (% of children ages 12-23 months)",SH.IMM.IDPT,Cote d'Ivoire,CIV,54,39,49,50,50,52,55,58,58,58,65,66,65,62,68,77,77,76,74,81,78,61,82,75,73,79,87,83,83,79,72
"Immunization, DPT (% of children ages 12-23 months)",SH.IMM.IDPT,Croatia,HRV,..,..,83,85,87,90,91,92,93,93,93,94,95,94,96,96,96,96,96,96,97,96,96,96,95,94,93,92,93,94,94
"Immunization, DPT (% of children ages 12-23 months)",SH.IMM.IDPT,Cuba,CUB,92,99,94,99,99,99,90,99,99,95,95,98,99,72,88,89,89,93,95,96,96,97,99,99,99,99,99,99,99,99,99
"Immunization, DPT (% of children ages 12-23 months)",SH.IMM.IDPT,Curacao,CUW,..,..,..,..,..,..,..,..,..,..,..,..,..,..,..,..,..,..,..,..,..,..,..,..,..,..,..,..,..,..,..
"Immunization, DPT (% of children ages 12-23 months)",SH.IMM.IDPT,Cyprus,CYP,93,94,94,95,95,96,98,98,98,97,97,97,98,98,98,98,97,97,97,99,99,99,99,99,99,97,97,97,99,96,96
"Immunization, DPT (% of children ages 12-23 months)",SH.IMM.IDPT,Czechia,CZE,..,..,..,99,98,96,97,98,98,98,98,98,98,97,98,97,98,99,99,99,99,99,99,98,97,97,96,96,97,97,97
"Immunization, DPT (% of children ages 12-23 months)",SH.IMM.IDPT,Denmark,DNK,90,90,91,88,89,90,77,92,99,99,97,97,98,96,95,93,93,87,88,89,90,91,94,94,94,93,94,98,97,97,97
"Immunization, DPT (% of children ages 12-23 months)",SH.IMM.IDPT,Djibouti,DJI,85,53,41,41,41,41,41,32,23,23,46,53,62,68,64,71,72,88,89,89,88,87,81,82,78,84,68,76,84,85,70
"Immunization, DPT (% of children ages 12-23 months)",SH.IMM.IDPT,Dominica,DMA,92,98,99,99,99,99,99,92,99,99,99,99,98,99,99,98,95,96,96,99,98,98,97,97,97,98,99,91,94,99,96
"Immunization, DPT (% of children ages 12-23 months)",SH.IMM.IDPT,Dominican Republic,DOM,69,71,73,75,74,72,72,73,75,83,78,72,82,79,79,87,89,85,82,82,88,84,85,83,91,85,87,84,87,89,82
"Immunization, DPT (% of children ages 12-23 months)",SH.IMM.IDPT,Ecuador,ECU,68,59,87,85,84,83,82,81,85,79,87,89,88,87,88,92,96,96,96,94,91,88,87,87,83,78,83,85,85,85,70
"Immunization, DPT (% of children ages 12-23 months)",SH.IMM.IDPT,"Egypt, Arab Rep.",EGY,87,76,79,81,83,88,90,88,92,97,98,99,97,98,97,98,98,98,97,97,97,96,93,97,94,93,95,94,95,95,94
"Immunization, DPT (% of children ages 12-23 months)",SH.IMM.IDPT,El Salvador,SLV,80,61,60,79,90,99,96,97,99,94,99,92,81,94,90,89,96,99,98,91,89,89,93,92,94,94,98,92,89,96,89
"Immunization, DPT (% of children ages 12-23 months)",SH.IMM.IDPT,Equatorial Guinea,GNQ,77,77,76,76,77,79,80,81,81,33,35,37,39,41,43,44,46,48,50,52,54,54,54,53,53,40,53,56,59,62,64
"Immunization, DPT (% of children ages 12-23 months)",SH.IMM.IDPT,Eritrea,ERI,..,..,..,32,49,58,66,75,86,93,81,86,90,93,98,96,94,95,95,95,95,94,94,94,94,95,95,95,95,95,95
"Immunization, DPT (% of children ages 12-23 months)",SH.IMM.IDPT,Estonia,EST,..,..,..,71,77,82,87,87,88,91,93,94,94,94,94,96,95,95,95,95,94,93,94,94,93,93,93,93,92,91,91
"Immunization, DPT (% of children ages 12-23 months)",SH.IMM.IDPT,Eswatini,SWZ,89,79,93,89,96,82,82,82,83,83,84,84,85,85,86,86,87,87,88,88,89,91,95,98,98,90,90,90,90,90,83
"Immunization, DPT (% of children ages 12-23 months)",SH.IMM.IDPT,Ethiopia,ETH,49,21,13,28,57,57,55,55,42,28,30,32,35,37,39,43,46,50,54,58,61,65,61,59,61,62,64,65,62,61,62
"Immunization, DPT (% of children ages 12-23 months)",SH.IMM.IDPT,Faroe Islands,FRO,..,..,..,..,..,..,..,..,..,..,..,..,..,..,..,..,..,..,..,..,..,..,..,..,..,..,..,..,..,..,..
"Immunization, DPT (% of children ages 12-23 months)",SH.IMM.IDPT,Fiji,FJI,97,99,97,96,96,97,97,86,87,89,90,91,93,94,95,96,98,99,99,99,99,99,99,99,99,99,95,91,94,97,97
"Immunization, DPT (% of children ages 12-23 months)",SH.IMM.IDPT,Finland,FIN,90,95,99,99,99,99,99,99,99,99,99,98,98,98,98,97,97,99,99,99,99,99,99,98,98,97,92,89,91,91,89
"Immunization, DPT (% of children ages 12-23 months)",SH.IMM.IDPT,France,FRA,94,94,94,94,96,96,97,97,96,97,97,97,97,97,98,98,99,99,99,98,99,99,99,88,92,96,95,95,95,95,96
"Immunization, DPT (% of children ages 12-23 months)",SH.IMM.IDPT,French Polynesia,PYF,..,..,..,..,..,..,..,..,..,..,..,..,..,..,..,..,..,..,..,..,..,..,..,..,..,..,..,..,..,..,..
"Immunization, DPT (% of children ages 12-23 months)",SH.IMM.IDPT,Gabon,GAB,78,72,66,67,69,70,62,54,50,45,45,45,45,45,45,45,45,81,82,76,67,75,82,79,70,80,75,75,70,70,63
"Immunization, DPT (% of children ages 12-23 months)",SH.IMM.IDPT,"Gambia, The",GMB,92,85,85,90,93,96,96,96,97,75,80,87,87,87,87,95,95,95,96,98,97,96,98,97,96,97,95,92,93,88,85
"Immunization, DPT (% of children ages 12-23 months)",SH.IMM.IDPT,Georgia,GEO,..,..,58,54,58,79,80,80,80,84,80,87,84,75,78,82,88,98,92,88,92,94,92,93,91,94,92,91,93,94,88
"Immunization, DPT (% of children ages 12-23 months)",SH.IMM.IDPT,Germany,DEU,80,80,85,62,73,78,84,87,89,97,90,93,93,97,96,96,96,96,96,96,96,95,95,93,93,93,91,91,91,91,91
"Immunization, DPT (% of children ages 12-23 months)",SH.IMM.IDPT,Ghana,GHA,58,60,62,66,70,70,71,71,76,79,88,79,78,80,80,84,84,94,93,94,94,91,92,90,98,89,93,99,97,97,94
"Immunization, DPT (% of children ages 12-23 months)",SH.IMM.IDPT,Gibraltar,GIB,..,..,..,..,..,..,..,..,..,..,..,..,..,..,..,..,..,..,..,..,..,..,..,..,..,..,..,..,..,..,..
"Immunization, DPT (% of children ages 12-23 months)",SH.IMM.IDPT,Greece,GRC,54,85,89,89,90,90,90,90,89,88,89,91,92,94,95,96,98,99,99,99,99,99,99,99,99,99,99,99,99,99,99
"Immunization, DPT (% of children ages 12-23 months)",SH.IMM.IDPT,Greenland,GRL,..,..,..,..,..,..,..,..,..,..,..,..,..,..,..,..,..,..,..,..,..,..,..,..,..,..,..,..,..,..,..
"Immunization, DPT (% of children ages 12-23 months)",SH.IMM.IDPT,Grenada,GRD,80,85,90,89,91,95,80,95,97,88,97,96,98,97,83,99,91,96,99,99,97,95,97,97,97,92,96,96,95,94,72
"Immunization, DPT (% of children ages 12-23 months)",SH.IMM.IDPT,Guam,GUM,..,..,..,..,..,..,..,..,..,..,..,..,..,..,..,..,..,..,..,..,..,..,..,..,..,..,..,..,..,..,..
"Immunization, DPT (% of children ages 12-23 months)",SH.IMM.IDPT,Guatemala,GTM,66,63,66,75,71,77,66,73,78,77,81,77,82,84,87,87,89,85,95,92,94,88,96,96,74,70,83,91,85,88,90
"Immunization, DPT (% of children ages 12-23 months)",SH.IMM.IDPT,Guinea,GIN,17,36,52,53,53,54,48,47,56,43,46,50,53,57,60,59,57,63,60,57,64,63,59,56,52,48,47,49,51,53,54
"Immunization, DPT (% of children ages 12-23 months)",SH.IMM.IDPT,Guinea-Bissau,GNB,61,63,67,63,74,45,53,63,54,45,49,53,57,60,64,68,71,74,77,80,83,86,87,87,86,86,85,79,82,78,74
"Immunization, DPT (% of children ages 12-23 months)",SH.IMM.IDPT,Guyana,GUY,83,81,79,93,90,86,83,88,90,83,88,85,91,90,91,93,93,94,93,98,95,93,97,98,98,95,97,97,95,99,99
"Immunization, DPT (% of children ages 12-23 months)",SH.IMM.IDPT,Haiti,HTI,41,36,38,39,41,42,42,42,42,41,44,47,51,54,57,60,61,63,64,65,67,68,66,65,63,64,59,60,57,54,58
"Immunization, DPT (% of children ages 12-23 months)",SH.IMM.IDPT,Honduras,HND,84,94,93,94,94,94,94,95,97,95,94,96,95,92,94,98,95,94,93,97,97,97,98,99,99,98,95,90,91,88,80
"Immunization, DPT (% of children ages 12-23 months)",SH.IMM.IDPT,"Hong Kong SAR, China",HKG,..,..,..,..,..,..,..,..,..,..,..,..,..,..,..,..,..,..,..,..,..,..,..,..,..,..,..,..,..,..,..
"Immunization, DPT (% of children ages 12-23 months)",SH.IMM.IDPT,Hungary,HUN,99,99,99,99,99,99,99,99,99,99,99,99,99,99,99,99,99,99,99,99,99,99,99,99,99,99,99,99,99,99,99
"Immunization, DPT (% of children ages 12-23 months)",SH.IMM.IDPT,Iceland,ISL,99,99,99,99,99,99,99,99,99,98,98,92,95,97,99,95,97,97,98,96,96,95,89,91,90,92,91,89,91,93,93
"Immunization, DPT (% of children ages 12-23 months)",SH.IMM.IDPT,India,IND,70,57,56,61,67,71,66,62,61,59,58,59,59,61,63,65,65,64,70,74,79,82,82,83,85,87,88,89,90,91,85
"Immunization, DPT (% of children ages 12-23 months)",SH.IMM.IDPT,Indonesia,IDN,60,62,64,66,68,69,72,73,74,75,75,76,70,71,71,72,72,73,77,78,81,81,87,92,88,84,84,85,85,85,77
"Immunization, DPT (% of children ages 12-23 months)",SH.IMM.IDPT,"Iran, Islamic Rep.",IRN,91,88,97,99,95,98,99,99,99,99,99,96,99,99,99,95,98,99,99,99,99,99,99,98,99,98,99,99,99,99,99
"Immunization, DPT (% of children ages 12-23 months)",SH.IMM.IDPT,Iraq,IRQ,83,78,74,70,72,74,76,78,76,81,80,78,77,75,74,65,59,57,69,78,74,81,72,73,73,68,71,81,86,84,74
"Immunization, DPT (% of children ages 12-23 months)",SH.IMM.IDPT,Ireland,IRL,65,67,68,70,71,73,74,76,84,86,86,84,83,86,89,90,91,92,93,94,94,95,95,96,96,95,95,95,94,94,94
"Immunization, DPT (% of children ages 12-23 months)",SH.IMM.IDPT,Isle of Man,IMN,..,..,..,..,..,..,..,..,..,..,..,..,..,..,..,..,..,..,..,..,..,..,..,..,..,..,..,..,..,..,..
"Immunization, DPT (% of children ages 12-23 months)",SH.IMM.IDPT,Israel,ISR,93,94,95,96,95,96,94,95,92,91,93,92,90,93,95,93,95,95,94,96,95,94,94,96,95,95,94,98,98,98,98
"Immunization, DPT (% of children ages 12-23 months)",SH.IMM.IDPT,Italy,ITA,83,95,95,95,95,95,96,95,95,95,87,93,93,96,94,95,96,97,96,96,96,96,97,96,95,93,94,95,95,96,94
"Immunization, DPT (% of children ages 12-23 months)",SH.IMM.IDPT,Jamaica,JAM,86,85,84,91,93,90,92,90,86,89,93,98,97,94,96,99,94,91,90,90,94,92,96,93,92,91,99,93,97,96,96
"Immunization, DPT (% of children ages 12-23 months)",SH.IMM.IDPT,Japan,JPN,90,92,87,85,80,74,99,70,75,80,85,95,96,97,99,98,98,98,98,97,97,97,97,96,96,96,99,99,98,98,96
"Immunization, DPT (% of children ages 12-23 months)",SH.IMM.IDPT,Jordan,JOR,92,92,92,91,94,95,96,99,99,85,91,99,95,97,95,95,98,98,97,98,98,98,98,98,98,99,98,99,96,89,77
"Immunization, DPT (% of children ages 12-23 months)",SH.IMM.IDPT,Kazakhstan,KAZ,..,..,81,76,76,93,95,97,99,98,97,95,95,99,82,98,99,93,99,98,99,99,99,98,95,98,83,99,98,97,88
"Immunization, DPT (% of children ages 12-23 months)",SH.IMM.IDPT,Kenya,KEN,84,86,87,89,92,94,87,79,81,82,82,80,84,73,73,76,80,81,88,88,90,96,94,87,92,89,88,81,91,93,93
"Immunization, DPT (% of children ages 12-23 months)",SH.IMM.IDPT,Kiribati,KIR,97,70,86,99,71,60,79,91,88,78,90,85,77,70,62,79,86,94,82,86,91,99,94,95,75,78,81,90,95,97,92
"Immunization, DPT (% of children ages 12-23 months)",SH.IMM.IDPT,"Korea, Dem. People's Rep.",PRK,98,97,90,90,77,64,50,37,43,50,56,62,64,68,72,79,89,92,92,93,93,94,96,93,93,96,96,97,97,97,97
"Immunization, DPT (% of children ages 12-23 months)",SH.IMM.IDPT,"Korea, Rep.",KOR,74,79,84,88,93,99,90,80,74,86,97,97,97,97,88,96,98,91,94,94,94,99,99,99,99,98,98,97,98,98,98
"Immunization, DPT (% of children ages 12-23 months)",SH.IMM.IDPT,Kosovo,XKX,..,..,..,..,..,..,..,..,..,..,..,..,..,..,..,..,..,..,..,..,..,..,..,..,..,..,..,..,..,..,..
"Immunization, DPT (% of children ages 12-23 months)",SH.IMM.IDPT,Kuwait,KWT,71,80,88,97,99,99,99,96,95,94,98,99,99,99,98,99,99,99,99,99,98,99,98,99,95,99,99,99,91,92,93
"Immunization, DPT (% of children ages 12-23 months)",SH.IMM.IDPT,Kyrgyz Republic,KGZ,..,..,84,64,82,93,98,98,97,99,99,99,98,98,99,98,92,94,95,95,96,96,96,97,96,97,96,92,94,95,87
"Immunization, DPT (% of children ages 12-23 months)",SH.IMM.IDPT,Lao PDR,LAO,18,22,23,25,48,54,58,60,54,55,51,52,53,49,45,49,57,50,61,67,74,76,77,83,83,82,82,78,75,66,61
"Immunization, DPT (% of children ages 12-23 months)",SH.IMM.IDPT,Latvia,LVA,..,..,87,80,97,98,93,92,94,95,96,97,97,98,99,99,96,94,94,94,92,92,91,94,92,94,98,98,96,99,99
"Immunization, DPT (% of children ages 12-23 months)",SH.IMM.IDPT,Lebanon,LBN,82,86,90,91,92,93,93,92,89,86,83,80,77,74,75,77,78,80,81,81,82,82,83,83,83,83,83,83,83,83,71
"Immunization, DPT (% of children ages 12-23 months)",SH.IMM.IDPT,Lesotho,LSO,82,84,85,86,87,88,87,87,88,88,84,79,85,90,90,89,89,88,88,91,93,96,95,93,88,83,87,89,90,92,93
"Immunization, DPT (% of children ages 12-23 months)",SH.IMM.IDPT,Liberia,LBR,..,..,..,..,..,..,..,..,..,52,48,44,39,35,31,60,60,65,75,81,70,77,80,80,63,65,73,80,81,71,66
"Immunization, DPT (% of children ages 12-23 months)",SH.IMM.IDPT,Libya,LBY,84,87,90,96,95,95,96,96,95,94,94,94,93,95,97,98,98,98,98,98,98,98,98,96,94,97,97,97,73,73,73
"Immunization, DPT (% of children ages 12-23 months)",SH.IMM.IDPT,Liechtenstein,LIE,..,..,..,..,..,..,..,..,..,..,..,..,..,..,..,..,..,..,..,..,..,..,..,..,..,..,..,..,..,..,..
"Immunization, DPT (% of children ages 12-23 months)",SH.IMM.IDPT,Lithuania,LTU,..,..,78,83,83,90,91,90,93,93,94,95,95,94,94,94,94,95,96,98,95,92,93,93,93,93,94,94,92,92,91
"Immunization, DPT (% of children ages 12-23 months)",SH.IMM.IDPT,Luxembourg,LUX,90,91,93,94,95,97,98,98,98,98,99,99,99,98,99,99,99,99,99,99,99,99,99,99,99,99,99,99,99,99,99
"Immunization, DPT (% of children ages 12-23 months)",SH.IMM.IDPT,"Macao SAR, China",MAC,..,..,..,..,..,..,..,..,..,..,..,..,..,..,..,..,..,..,..,..,..,..,..,..,..,..,..,..,..,..,..
"Immunization, DPT (% of children ages 12-23 months)",SH.IMM.IDPT,Madagascar,MDG,46,53,65,66,66,57,49,49,52,55,57,60,62,66,78,85,85,84,77,77,70,73,68,70,68,62,68,65,74,69,67
"Immunization, DPT (% of children ages 12-23 months)",SH.IMM.IDPT,Malawi,MWI,87,87,87,91,82,89,90,95,96,85,75,90,64,84,89,93,99,87,91,93,93,97,96,89,91,88,84,88,92,95,94
"Immunization, DPT (% of children ages 12-23 months)",SH.IMM.IDPT,Malaysia,MYS,90,92,94,91,95,98,97,98,97,97,98,96,94,96,95,96,95,97,97,97,96,96,97,97,97,99,98,99,99,98,98
"Immunization, DPT (% of children ages 12-23 months)",SH.IMM.IDPT,Maldives,MDV,94,98,98,90,96,94,97,97,97,97,98,98,98,98,96,98,98,98,98,98,96,96,99,99,99,99,98,98,98,98,98
"Immunization, DPT (% of children ages 12-23 months)",SH.IMM.IDPT,Mali,MLI,42,34,38,46,39,49,53,52,52,40,43,49,61,63,69,77,78,74,74,73,73,66,65,64,66,70,76,77,76,77,70
"Immunization, DPT (% of children ages 12-23 months)",SH.IMM.IDPT,Malta,MLT,63,86,82,83,88,92,92,92,92,93,94,95,95,94,89,92,85,74,72,73,76,96,99,99,99,97,97,98,97,98,98
"Immunization, DPT (% of children ages 12-23 months)",SH.IMM.IDPT,Marshall Islands,MHL,92,71,82,56,67,70,78,78,86,66,39,48,80,68,64,77,74,93,95,96,94,87,80,79,78,85,71,80,81,79,82
"Immunization, DPT (% of children ages 12-23 months)",SH.IMM.IDPT,Mauritania,MRT,33,29,39,44,50,55,50,28,16,53,51,75,89,76,70,71,68,75,74,64,64,75,80,80,81,73,74,76,77,80,81
"Immunization, DPT (% of children ages 12-23 months)",SH.IMM.IDPT,Mauritius,MUS,85,91,88,88,89,93,89,90,89,85,88,92,88,99,98,97,97,97,99,99,99,98,98,98,97,97,96,94,97,96,95
"Immunization, DPT (% of children ages 12-23 months)",SH.IMM.IDPT,Mexico,MEX,53,88,90,82,91,91,95,95,96,96,97,97,97,98,98,98,98,98,96,95,95,97,99,83,87,87,93,85,88,82,72
"Immunization, DPT (% of children ages 12-23 months)",SH.IMM.IDPT,"Micronesia, Fed. Sts.",FSM,85,79,91,78,81,83,79,75,80,76,85,75,84,92,78,94,67,79,85,91,85,84,81,81,77,72,69,73,75,78,83
"Immunization, DPT (% of children ages 12-23 months)",SH.IMM.IDPT,Moldova,MDA,..,..,84,70,86,96,97,97,97,97,95,97,97,98,98,98,97,92,90,85,90,93,92,90,90,87,89,88,93,91,86
"Immunization, DPT (% of children ages 12-23 months)",SH.IMM.IDPT,Monaco,MCO,99,98,98,99,99,99,99,99,99,99,99,99,99,99,99,99,99,99,99,99,99,99,99,99,99,99,99,99,99,99,99
"Immunization, DPT (% of children ages 12-23 months)",SH.IMM.IDPT,Mongolia,MNG,84,81,64,79,78,88,90,92,94,94,94,95,98,98,99,99,99,95,96,95,96,99,99,98,99,99,99,99,99,98,96
"Immunization, DPT (% of children ages 12-23 months)",SH.IMM.IDPT,Montenegro,MNE,..,..,..,..,..,..,..,..,..,..,..,..,..,..,..,..,90,92,95,92,94,95,94,94,91,89,89,87,86,87,84
"Immunization, DPT (% of children ages 12-23 months)",SH.IMM.IDPT,Morocco,MAR,81,81,87,86,87,90,95,94,93,91,95,96,94,91,97,98,97,95,99,99,99,99,99,99,99,99,99,99,99,99,99
"Immunization, DPT (% of children ages 12-23 months)",SH.IMM.IDPT,Mozambique,MOZ,46,46,50,49,55,57,60,62,65,68,70,73,76,85,83,80,78,75,75,74,74,77,80,82,85,85,85,85,85,85,71
"Immunization, DPT (% of children ages 12-23 months)",SH.IMM.IDPT,Myanmar,MMR,88,66,71,73,77,84,88,90,90,75,82,73,79,78,82,73,82,86,85,90,90,84,84,75,88,89,90,89,91,90,84
"Immunization, DPT (% of children ages 12-23 months)",SH.IMM.IDPT,Namibia,NAM,..,69,70,73,79,74,70,66,74,72,79,78,77,79,81,86,86,86,83,83,83,82,84,89,88,92,85,88,89,87,93
"Immunization, DPT (% of children ages 12-23 months)",SH.IMM.IDPT,Nauru,NRU,74,70,67,63,60,56,53,50,72,64,44,95,80,80,80,80,72,99,99,99,99,99,79,87,95,91,97,87,90,96,95
"Immunization, DPT (% of children ages 12-23 months)",SH.IMM.IDPT,Nepal,NPL,43,46,49,51,54,54,65,78,71,65,74,72,72,78,80,75,89,82,82,95,93,92,90,92,92,91,87,90,91,93,84
"Immunization, DPT (% of children ages 12-23 months)",SH.IMM.IDPT,Netherlands,NLD,97,97,98,97,97,97,97,97,97,97,97,97,97,98,98,96,96,97,97,97,97,97,97,97,96,95,95,94,93,94,94
"Immunization, DPT (% of children ages 12-23 months)",SH.IMM.IDPT,New Caledonia,NCL,..,..,..,..,..,..,..,..,..,..,..,..,..,..,..,..,..,..,..,..,..,..,..,..,..,..,..,..,..,..,..
"Immunization, DPT (% of children ages 12-23 months)",SH.IMM.IDPT,New Zealand,NZL,90,81,81,83,84,89,88,86,81,88,90,90,90,90,89,89,89,88,89,92,93,95,93,92,93,92,92,94,93,92,92
"Immunization, DPT (% of children ages 12-23 months)",SH.IMM.IDPT,Nicaragua,NIC,70,75,81,81,81,80,80,80,73,79,83,87,85,86,79,86,88,93,97,98,98,98,98,98,98,98,98,98,98,98,92
"Immunization, DPT (% of children ages 12-23 months)",SH.IMM.IDPT,Niger,NER,22,19,20,20,20,23,23,25,29,32,34,36,39,41,43,45,52,58,67,71,70,75,73,75,82,84,80,85,79,81,81
"Immunization, DPT (% of children ages 12-23 months)",SH.IMM.IDPT,Nigeria,NGA,56,39,43,29,44,34,26,21,21,31,29,27,25,29,33,36,40,42,53,63,56,53,36,39,43,42,53,55,61,66,62
"Immunization, DPT (% of children ages 12-23 months)",SH.IMM.IDPT,North Macedonia,MKD,..,..,..,90,88,95,93,97,94,95,95,91,96,96,94,97,93,95,95,96,95,96,95,98,95,91,95,91,93,92,84
"Immunization, DPT (% of children ages 12-23 months)",SH.IMM.IDPT,Northern Mariana Islands,MNP,..,..,..,..,..,..,..,..,..,..,..,..,..,..,..,..,..,..,..,..,..,..,..,..,..,..,..,..,..,..,..
"Immunization, DPT (% of children ages 12-23 months)",SH.IMM.IDPT,Norway,NOR,86,96,98,94,93,97,97,95,93,92,90,91,93,92,92,91,94,93,94,94,93,94,95,94,93,95,96,96,96,97,97
"Immunization, DPT (% of children ages 12-23 months)",SH.IMM.IDPT,Oman,OMN,98,95,99,97,97,99,99,99,99,99,99,99,99,99,99,99,98,99,99,98,99,99,98,98,99,99,99,99,99,99,99
"Immunization, DPT (% of children ages 12-23 months)",SH.IMM.IDPT,Pakistan,PAK,54,50,42,37,39,58,46,52,54,57,59,61,63,66,68,63,59,54,53,52,52,63,64,65,69,72,75,75,80,84,80
"Immunization, DPT (% of children ages 12-23 months)",SH.IMM.IDPT,Palau,PLW,99,98,93,89,67,99,98,91,96,96,96,98,99,99,98,98,98,94,92,49,69,84,89,99,95,90,98,97,95,97,96
"Immunization, DPT (% of children ages 12-23 months)",SH.IMM.IDPT,Panama,PAN,86,82,77,83,83,86,91,95,98,92,98,99,99,98,95,92,88,85,86,85,94,87,85,80,80,73,86,81,88,88,74
"Immunization, DPT (% of children ages 12-23 months)",SH.IMM.IDPT,Papua New Guinea,PNG,68,68,58,58,61,62,56,45,60,60,59,55,61,68,62,72,70,66,56,64,55,58,57,60,52,49,46,36,35,35,40
"Immunization, DPT (% of children ages 12-23 months)",SH.IMM.IDPT,Paraguay,PRY,67,66,73,66,71,68,72,75,79,82,86,89,87,86,92,96,98,95,89,86,91,92,91,91,93,92,92,91,88,86,79
"Immunization, DPT (% of children ages 12-23 months)",SH.IMM.IDPT,Peru,PER,72,71,83,87,87,90,94,90,94,99,98,90,95,94,86,77,94,93,93,93,93,91,95,88,88,90,90,89,89,88,72
"Immunization, DPT (% of children ages 12-23 months)",SH.IMM.IDPT,Philippines,PHL,88,90,80,76,73,70,75,81,81,80,78,79,79,84,88,89,88,87,87,88,88,89,89,85,80,76,84,84,84,84,83
"Immunization, DPT (% of children ages 12-23 months)",SH.IMM.IDPT,Poland,POL,96,95,95,95,96,96,97,98,98,98,98,98,99,99,99,99,99,99,99,99,99,99,99,99,98,98,98,96,95,95,94
"Immunization, DPT (% of children ages 12-23 months)",SH.IMM.IDPT,Portugal,PRT,89,96,94,93,97,93,95,94,97,97,96,97,98,99,95,93,97,97,97,96,98,97,98,98,98,98,98,98,99,99,99
"Immunization, DPT (% of children ages 12-23 months)",SH.IMM.IDPT,Puerto Rico (US),PRI,..,..,..,..,..,..,..,..,..,..,..,..,..,..,..,..,..,..,..,..,..,..,..,..,..,..,..,..,..,..,..
"Immunization, DPT (% of children ages 12-23 months)",SH.IMM.IDPT,Qatar,QAT,82,86,88,90,91,92,92,92,94,92,80,93,96,92,96,97,96,94,97,99,97,93,92,97,89,99,98,97,98,98,89
"Immunization, DPT (% of children ages 12-23 months)",SH.IMM.IDPT,Romania,ROU,96,98,98,91,98,98,98,97,97,97,99,99,98,97,97,97,97,96,96,95,94,89,91,92,94,89,89,82,86,88,87
"Immunization, DPT (% of children ages 12-23 months)",SH.IMM.IDPT,Russian Federation,RUS,..,..,73,79,88,78,84,88,91,95,96,96,97,96,97,98,98,98,98,98,97,97,97,97,97,97,97,97,97,97,97
"Immunization, DPT (% of children ages 12-23 months)",SH.IMM.IDPT,Rwanda,RWA,84,91,85,83,23,83,89,73,79,85,90,77,88,96,89,95,99,97,97,97,97,97,98,98,98,98,98,98,97,98,91
"Immunization, DPT (% of children ages 12-23 months)",SH.IMM.IDPT,Samoa,WSM,90,79,91,92,93,94,95,96,99,97,98,90,92,90,63,59,50,65,39,64,78,82,82,84,78,80,74,67,44,68,89
"Immunization, DPT (% of children ages 12-23 months)",SH.IMM.IDPT,San Marino,SMR,99,99,99,99,88,99,99,99,99,99,98,97,96,96,95,96,92,91,91,90,90,92,89,86,84,85,86,88,90,88,89
"Immunization, DPT (% of children ages 12-23 months)",SH.IMM.IDPT,Sao Tome and Principe,STP,92,87,68,60,83,79,68,73,73,78,82,92,92,94,96,97,97,97,99,98,98,96,96,97,95,96,96,95,95,95,96
"Immunization, DPT (% of children ages 12-23 months)",SH.IMM.IDPT,Saudi Arabia,SAU,92,91,91,94,95,96,93,92,94,93,95,97,95,95,96,96,96,96,98,98,98,98,98,98,98,98,98,98,96,96,95
"Immunization, DPT (% of children ages 12-23 months)",SH.IMM.IDPT,Senegal,SEN,51,51,59,58,57,80,70,59,59,60,52,52,60,73,87,84,89,94,88,86,89,92,91,92,89,89,93,93,92,91,83
"Immunization, DPT (% of children ages 12-23 months)",SH.IMM.IDPT,Serbia,SRB,..,..,84,85,85,89,91,94,93,92,95,93,95,89,88,98,92,94,95,95,91,94,91,95,93,95,93,95,97,97,92
"Immunization, DPT (% of children ages 12-23 months)",SH.IMM.IDPT,Seychelles,SYC,99,98,96,96,96,97,99,98,99,99,98,96,99,99,99,99,99,99,99,99,99,99,98,98,99,97,96,97,99,99,97
"Immunization, DPT (% of children ages 12-23 months)",SH.IMM.IDPT,Sierra Leone,SLE,..,..,..,..,..,..,..,..,..,43,44,38,53,73,65,65,64,64,77,84,86,89,91,92,83,86,84,90,93,95,91
"Immunization, DPT (% of children ages 12-23 months)",SH.IMM.IDPT,Singapore,SGP,85,91,89,92,95,98,97,98,97,97,98,96,94,96,95,96,95,97,97,97,96,96,97,97,96,96,97,96,97,97,98
"Immunization, DPT (% of children ages 12-23 months)",SH.IMM.IDPT,Sint Maarten (Dutch part),SXM,..,..,..,..,..,..,..,..,..,..,..,..,..,..,..,..,..,..,..,..,..,..,..,..,..,..,..,..,..,..,..
"Immunization, DPT (% of children ages 12-23 months)",SH.IMM.IDPT,Slovak Republic,SVK,..,..,..,..,99,99,99,99,99,99,99,99,99,99,99,99,99,99,99,99,99,99,99,98,97,96,96,96,97,97,97
"Immunization, DPT (% of children ages 12-23 months)",SH.IMM.IDPT,Slovenia,SVN,..,..,98,98,98,98,98,94,91,92,91,92,93,95,94,95,97,97,97,96,96,96,96,95,95,95,94,94,93,95,95
"Immunization, DPT (% of children ages 12-23 months)",SH.IMM.IDPT,Solomon Islands,SLB,77,76,71,65,68,69,72,72,70,88,86,84,78,84,90,89,99,88,85,86,83,91,92,83,77,87,94,83,85,94,94
"Immunization, DPT (% of children ages 12-23 months)",SH.IMM.IDPT,"Somalia, Fed. Rep.",SOM,19,20,21,22,23,22,21,19,33,36,33,33,40,40,30,35,26,40,31,42,45,41,42,44,46,48,49,51,53,57,55
"Immunization, DPT (% of children ages 12-23 months)",SH.IMM.IDPT,South Africa,ZAF,72,81,79,81,73,72,73,76,75,74,73,71,70,69,74,81,84,85,82,81,77,75,71,81,85,85,85,84,82,85,84
"Immunization, DPT (% of children ages 12-23 months)",SH.IMM.IDPT,South Sudan,SSD,..,..,..,..,..,..,..,..,..,..,..,..,..,..,..,..,..,..,..,..,..,61,63,53,50,46,45,52,59,61,67
"Immunization, DPT (% of children ages 12-23 months)",SH.IMM.IDPT,Spain,ESP,86,86,84,87,88,90,90,94,95,95,95,96,98,98,97,96,98,96,97,96,97,97,96,96,97,97,97,95,96,95,94
"Immunization, DPT (% of children ages 12-23 months)",SH.IMM.IDPT,Sri Lanka,LKA,86,86,88,90,88,93,92,97,94,99,99,98,98,99,97,99,98,98,98,97,99,99,99,99,99,99,99,99,99,99,96
"Immunization, DPT (% of children ages 12-23 months)",SH.IMM.IDPT,St. Kitts and Nevis,KNA,99,99,99,99,99,99,99,99,98,99,99,99,97,99,96,99,99,99,99,98,96,98,98,97,98,94,98,98,98,97,99
"Immunization, DPT (% of children ages 12-23 months)",SH.IMM.IDPT,St. Lucia,LCA,89,96,96,97,93,98,88,98,88,89,70,99,74,90,91,95,85,99,96,95,97,99,98,99,99,99,95,80,95,92,86
"Immunization, DPT (% of children ages 12-23 months)",SH.IMM.IDPT,St. Martin (French part),MAF,..,..,..,..,..,..,..,..,..,..,..,..,..,..,..,..,..,..,..,..,..,..,..,..,..,..,..,..,..,..,..
"Immunization, DPT (% of children ages 12-23 months)",SH.IMM.IDPT,St. Vincent and the Grenadines,VCT,98,99,99,99,99,97,99,99,99,95,98,99,99,99,99,99,99,99,99,99,99,96,96,97,98,99,99,99,97,97,97
"Immunization, DPT (% of children ages 12-23 months)",SH.IMM.IDPT,Sudan,SDN,62,62,53,51,46,48,56,55,46,55,62,66,60,69,74,78,78,84,86,81,90,93,92,93,94,93,93,95,93,93,90
"Immunization, DPT (% of children ages 12-23 months)",SH.IMM.IDPT,Suriname,SUR,83,75,74,76,74,84,85,81,90,85,71,68,73,75,85,83,84,84,85,87,94,80,76,77,71,73,77,67,81,77,51
"Immunization, DPT (% of children ages 12-23 months)",SH.IMM.IDPT,Sweden,SWE,99,99,99,99,99,99,99,99,99,99,99,99,99,99,99,98,98,98,98,98,98,98,98,98,98,98,98,97,97,98,97
"Immunization, DPT (% of children ages 12-23 months)",SH.IMM.IDPT,Switzerland,CHE,90,89,89,89,89,89,89,89,88,93,93,93,93,93,93,94,94,94,95,95,95,96,96,96,96,96,96,96,96,96,97
"Immunization, DPT (% of children ages 12-23 months)",SH.IMM.IDPT,Syrian Arab Republic,SYR,91,89,89,90,89,89,88,87,88,87,86,83,86,85,84,83,82,82,81,81,81,72,58,54,56,54,55,61,60,67,62
"Immunization, DPT (% of children ages 12-23 months)",SH.IMM.IDPT,Tajikistan,TJK,..,..,72,64,81,80,75,81,79,82,83,85,85,85,86,84,83,86,86,93,93,96,94,96,97,96,96,97,96,97,97
"Immunization, DPT (% of children ages 12-23 months)",SH.IMM.IDPT,Tanzania,TZA,78,81,83,83,84,81,82,79,79,76,79,87,89,95,95,90,90,83,86,85,91,90,92,91,97,96,92,90,89,91,91
"Immunization, DPT (% of children ages 12-23 months)",SH.IMM.IDPT,Thailand,THA,92,90,85,89,93,96,94,95,96,97,97,96,96,98,98,98,98,98,99,99,99,99,99,99,99,99,99,99,97,97,97
"Immunization, DPT (% of children ages 12-23 months)",SH.IMM.IDPT,Timor-Leste,TLS,..,..,..,..,..,..,..,..,..,..,..,..,54,55,57,55,63,70,79,72,72,67,83,82,77,76,79,83,83,83,83
"Immunization, DPT (% of children ages 12-23 months)",SH.IMM.IDPT,Togo,TGO,77,73,69,66,62,58,50,42,42,57,64,50,59,72,71,82,84,82,81,78,83,85,84,84,84,82,82,84,82,86,85
"Immunization, DPT (% of children ages 12-23 months)",SH.IMM.IDPT,Tonga,TON,94,88,99,96,89,95,99,96,97,94,95,94,90,98,99,99,99,99,99,99,99,99,95,99,98,96,96,99,99,99,99
"Immunization, DPT (% of children ages 12-23 months)",SH.IMM.IDPT,Trinidad and Tobago,TTO,82,82,87,81,85,89,89,90,91,90,90,91,96,91,94,95,92,88,90,90,90,90,92,92,92,96,97,89,99,93,96
"Immunization, DPT (% of children ages 12-23 months)",SH.IMM.IDPT,Tunisia,TUN,93,93,95,94,93,94,95,96,96,99,97,98,96,95,97,98,99,98,99,99,98,98,97,98,98,98,98,98,97,98,97
"Immunization, DPT (% of children ages 12-23 months)",SH.IMM.IDPT,Turkiye,TUR,84,72,77,76,87,67,72,79,81,79,85,88,78,68,85,90,90,96,96,96,97,97,97,98,96,97,98,96,98,99,98
"Immunization, DPT (% of children ages 12-23 months)",SH.IMM.IDPT,Turkmenistan,TKM,..,..,84,73,90,93,97,98,99,98,97,95,98,83,97,99,98,98,96,96,96,97,97,98,98,99,98,99,99,99,98
"Immunization, DPT (% of children ages 12-23 months)",SH.IMM.IDPT,Turks and Caicos Islands,TCA,..,..,..,..,..,..,..,..,..,..,..,..,..,..,..,..,..,..,..,..,..,..,..,..,..,..,..,..,..,..,..
"Immunization, DPT (% of children ages 12-23 months)",SH.IMM.IDPT,Tuvalu,TUV,99,74,70,80,99,87,97,77,94,83,82,96,98,93,98,93,97,97,99,88,89,96,97,90,89,96,94,96,89,92,95
"Immunization, DPT (% of children ages 12-23 months)",SH.IMM.IDPT,Uganda,UGA,45,49,53,56,60,59,57,56,48,50,52,55,57,59,62,64,64,73,71,79,80,82,83,84,85,89,93,94,93,93,89
"Immunization, DPT (% of children ages 12-23 months)",SH.IMM.IDPT,Ukraine,UKR,..,..,88,93,97,98,99,99,98,99,99,99,99,97,99,96,98,98,90,71,52,50,76,76,23,23,19,50,69,80,81
"Immunization, DPT (% of children ages 12-23 months)",SH.IMM.IDPT,United Arab Emirates,ARE,85,85,86,90,90,90,90,92,94,94,94,94,94,94,94,94,92,92,92,93,94,95,96,98,99,99,99,97,99,99,90
"Immunization, DPT (% of children ages 12-23 months)",SH.IMM.IDPT,United Kingdom,GBR,84,88,92,93,93,94,94,92,91,92,91,91,91,91,92,91,92,92,92,93,94,95,95,95,95,95,94,94,94,93,93
"Immunization, DPT (% of children ages 12-23 months)",SH.IMM.IDPT,United States,USA,90,86,83,88,94,95,95,96,96,96,94,94,94,96,96,96,96,96,96,95,95,96,94,94,95,95,95,94,94,94,93
"Immunization, DPT (% of children ages 12-23 months)",SH.IMM.IDPT,Uruguay,URY,97,96,93,92,91,91,91,91,91,93,90,94,95,91,94,96,95,94,94,95,95,95,95,95,95,95,95,93,91,94,92
"Immunization, DPT (% of children ages 12-23 months)",SH.IMM.IDPT,Uzbekistan,UZB,..,..,90,45,67,87,95,96,99,99,99,99,99,98,99,99,96,96,98,98,99,99,99,99,99,99,99,99,98,96,95
"Immunization, DPT (% of children ages 12-23 months)",SH.IMM.IDPT,Vanuatu,VUT,76,83,77,86,74,73,67,72,72,71,71,70,70,69,69,68,68,70,73,75,77,79,82,84,86,80,81,85,85,90,78
"Immunization, DPT (% of children ages 12-23 months)",SH.IMM.IDPT,"Venezuela, RB",VEN,63,64,67,67,63,68,57,60,39,76,77,70,65,68,86,87,71,62,50,84,78,78,81,82,78,87,84,66,60,64,54
"Immunization, DPT (% of children ages 12-23 months)",SH.IMM.IDPT,Viet Nam,VNM,88,88,88,91,94,93,94,95,94,93,96,96,75,99,96,95,94,92,93,96,93,95,97,59,95,97,96,94,75,89,94
"Immunization, DPT (% of children ages 12-23 months)",SH.IMM.IDPT,Virgin Islands (U.S.),VIR,..,..,..,..,..,..,..,..,..,..,..,..,..,..,..,..,..,..,..,..,..,..,..,..,..,..,..,..,..,..,..
"Immunization, DPT (% of children ages 12-23 months)",SH.IMM.IDPT,West Bank and Gaza,PSE,..,..,..,94,98,99,97,96,98,89,93,97,97,98,96,96,96,99,96,97,99,99,97,99,99,99,99,99,99,99,98
"Immunization, DPT (% of children ages 12-23 months)",SH.IMM.IDPT,"Yemen, Rep.",YEM,84,47,50,54,33,44,47,40,68,71,74,73,65,61,72,79,78,79,78,76,76,69,67,71,70,63,63,59,54,60,57
"Immunization, DPT (% of children ages 12-23 months)",SH.IMM.IDPT,Zambia,ZMB,91,79,83,86,90,86,84,83,84,84,85,85,84,83,83,82,81,80,87,94,83,81,78,79,86,90,95,94,90,88,84
"Immunization, DPT (% of children ages 12-23 months)",SH.IMM.IDPT,Zimbabwe,ZWE,88,87,86,85,87,88,90,86,84,81,78,75,71,68,65,68,70,73,75,73,89,93,95,95,91,87,90,89,89,90,86
"Immunization, DPT (% of children ages 12-23 months)",SH.IMM.IDPT,Africa Eastern and Southern,AFE,59.2303527882192,53.4601279020498,52.6869294916123,56.364240153042,59.0585174600445,59.5661366905479,58.4996128417756,58.0509667298452,55.4439766243712,53.4593904945296,55.5252773933091,57.5846657323875,59.3423129525495,61.9089651256201,65.0179809784925,68.0835564785182,69.2083852560363,70.8929779339699,72.47779712617,74.3408594705662,74.3848287142164,77.2591242163928,76.5931147399656,76.2480857614207,78.3273840423209,77.6619556668059,78.2381241580075,78.0278855164038,78.7384517179148,79.2273897950203,76.9147193008306
"Immunization, DPT (% of children ages 12-23 months)",SH.IMM.IDPT,Africa Western and Central,AFW,51.4026483589568,41.413286942849,43.587036754071,37.964774894704,44.9604994944673,41.7732413125893,37.7225111015893,34.9227808114575,35.4431241338071,41.4522534888084,43.1854097285981,42.4396925426973,43.4102426206112,47.112536624299,50.2025698460547,53.8521562231525,57.1893293784254,59.2108259516784,64.3595487640624,69.5943466824378,66.9983300106315,64.3476769442897,57.8987812985204,58.1028527422192,60.5507468276933,60.2361373034085,66.3442377918441,67.6832211927826,69.8476652868902,72.1694786949218,69.027889207322
"Immunization, DPT (% of children ages 12-23 months)",SH.IMM.IDPT,Arab World,ARB,80.5853675077798,74.1051829866744,74.6177175184006,75.3331676309384,73.1869137073286,75.9747660965912,77.8068677024681,76.2390537801792,78.4954538395031,81.2031182178399,82.9694614656504,83.9846346794304,81.8884279149278,82.2980829570823,83.3368114356607,84.2276563712196,83.4958643798886,85.0619514664487,85.9000016269681,86.6595277375198,87.5900198967791,87.3400396877142,84.6687664731519,86.0970231333034,85.6228625847809,84.2595277355622,84.9112001925639,85.9513271238158,85.406816331896,85.6972243628333,82.1404209835448
"Immunization, DPT (% of children ages 12-23 months)",SH.IMM.IDPT,Caribbean small states,CSS,84.9895997028487,83.3103979431113,84.2150834557038,86.820576359377,87.3089350949648,88.4123633279826,86.5823287259431,88.9627513583151,90.8248182087651,86.9205426109973,87.5884443762546,87.8439805023985,89.3835391271188,89.4119341259877,91.9858686503021,92.8540222613097,91.5789853549156,91.6230993885827,91.2765143597676,93.6373269431882,93.798253625595,91.197347811734,92.0386735217045,92.3078494164532,91.4556989018019,91.9857381655226,93.298710683724,87.9896008851541,93.6865019759964,92.3926927545183,85.5766430933001
"Immunization, DPT (% of children ages 12-23 months)",SH.IMM.IDPT,Central Europe and the Baltics,CEB,96.6149514547641,96.7130223670696,93.2670355803531,88.4353978041372,95.8016717745277,96.3050585076712,96.752633333516,96.8575941154652,97.0619768589985,97.1882850392905,97.4836907616872,97.662389517531,97.8080680038407,97.6825459856542,97.7876795761516,97.8019672520876,97.7936897886735,97.6801291483228,97.7226590326869,97.5018985452189,97.2329582606128,96.2438839295981,96.6626094838798,96.7209325938485,96.014862434318,95.1936518228541,95.2002900423646,93.0584651077718,93.5232083848151,94.0961032435057,93.3883454067882
"Immunization, DPT (% of children ages 12-23 months)",SH.IMM.IDPT,Early-demographic dividend,EAR,69.4971843103563,63.1642598942485,62.4221598970822,64.6070544020454,69.1973672079653,71.9571884616811,70.1146667880067,69.4327134409615,68.9578056485287,68.1804489237286,68.6430245628611,69.063091189228,68.6849511538863,70.396809435808,73.0591968509135,73.6708036990242,73.9626198207453,73.5977378817427,76.3503941922906,78.713602496831,80.821230316968,82.9385236674151,83.0098060190989,83.3647006338408,84.3449443259568,84.820956935647,86.216468531009,86.1598267690634,86.6224208638036,87.1205275375674,82.4919185302226
"Immunization, DPT (% of children ages 12-23 months)",SH.IMM.IDPT,East Asia & Pacific,EAS,90.0322966459568,88.1017934627896,85.2959712845086,83.3223120093817,81.8156806395459,78.8723804489845,81.8649362758562,81.524939879489,81.7894723241691,82.5558178601782,83.3021877040891,84.2141499936152,82.5561940920282,84.4472826073317,85.3180057372518,85.4389001331982,88.9388673146803,88.9479721954388,91.9335500954488,93.7003545877948,93.9851582100013,94.1106052353254,95.1089705464889,93.5144220578088,94.6199543700224,93.9097932075772,94.5283911439363,94.4472773562893,93.5350315641193,93.9284852465565,92.2394348310201
"Immunization, DPT (% of children ages 12-23 months)",SH.IMM.IDPT,East Asia & Pacific (excluding high income),EAP,90.2954137771451,88.1121160205933,85.223703506023,83.0948599367836,81.5522548759085,78.4820496574409,80.9426624705645,82.0087242308235,82.2087328048845,82.4980092278623,82.8277640197103,83.3846952045127,81.5754487659482,83.5724036480388,84.6188348441412,84.6651051805794,88.4011172566488,88.5284449238974,91.6685182342678,93.587789940975,93.8941515953746,93.9471236544088,95.0154696887325,93.3707319284938,94.5370802628727,93.7916992984144,94.3376659609955,94.254382198542,93.3172729270974,93.733155451331,92.0013817947683
"Immunization, DPT (% of children ages 12-23 months)",SH.IMM.IDPT,East Asia & Pacific (IDA & IBRD countries),TEA,90.2115015119099,88.0157140968861,85.1674959014912,83.0038982519228,81.6145167724478,78.6858420899605,81.382400840596,82.6560438551293,82.7784051735434,82.9710193466706,83.2168732820724,83.6849664556567,81.8148335133282,83.7825558095378,84.7861722154749,84.7377972968072,88.3937607576414,88.4874385729284,91.6647123661254,93.5942309705709,93.9040300757289,93.9465217345456,95.0044489241808,93.3746813290707,94.5536258755189,93.767388710203,94.3190387531601,94.2228852130002,93.275016230897,93.6933303177722,91.9356312478865
"Immunization, DPT (% of children ages 12-23 months)",SH.IMM.IDPT,Euro area,EMU,85.4868952105234,88.7871672128378,89.4337268166427,83.0426288462551,88.6727350417595,90.0814619022664,92.0075471698113,92.6586926658897,92.7679868769937,95.0337845676853,92.6247056530536,94.5241487070234,94.8329067439381,96.4166632551765,95.9101603918517,95.9409959722839,96.7525329913675,96.8241457493286,96.8165958012379,96.4179803833136,96.8846809084649,96.7302622762426,96.9093463204366,93.9075811846018,94.7271312285657,95.054936893423,94.2407500764872,94.074454158521,94.0177440812162,94.1309932993799,93.8612019055278
"Immunization, DPT (% of children ages 12-23 months)",SH.IMM.IDPT,Europe & Central Asia,ECS,..,..,84.6666028538988,80.7411976731653,87.6866238505395,86.5692366102681,89.0272175175644,90.8536099681535,91.6570818729993,92.9186574608232,92.9194691665217,94.0069450426181,92.9132926385535,91.3175609574411,93.9385606121698,95.0111127443644,95.187264580376,95.8547510464808,95.8195350011126,94.9610813170174,94.3664049289252,94.3686758574581,95.5592955033296,94.7792671581658,92.1588838472592,92.6336009508084,91.9395262844719,93.3486151444049,94.3187608325538,94.8166246513518,93.6434439345644
"Immunization, DPT (% of children ages 12-23 months)",SH.IMM.IDPT,Europe & Central Asia (excluding high income),ECA,..,..,80.8328372284931,72.3743217044088,82.8945495307444,81.9097321710962,85.0422973740531,88.1157027859428,89.2358143711583,88.8773668175012,91.0232040050099,92.237301605055,88.1877710142248,82.295258242246,89.9340608211463,92.9488137321644,92.4285461264049,94.4987142088524,94.3374781628011,92.0210248840265,90.1447309790479,90.3764642845654,93.499010069104,93.8729417802578,86.0237708826029,87.3883486326671,86.3630914574624,90.8235430791383,93.4740784613456,94.8223266949641,92.1210915234426
"Immunization, DPT (% of children ages 12-23 months)",SH.IMM.IDPT,Europe & Central Asia (IDA & IBRD countries),TEC,..,..,80.7567300768226,76.8639941857491,85.8228967805937,82.99059834168,86.3677450148963,89.2584385814102,90.6844228092743,91.3834321941072,93.0394759812147,93.8377872120172,91.5718952376088,87.6857223915992,92.7384306394843,94.8808160538409,94.5346580221342,95.7675649557928,95.6817611622614,94.2452581117476,92.8189320229155,92.7776696533988,94.7673486758655,95.0486284637188,90.1989821562874,90.8564312109508,90.2156461051018,92.6243258867876,94.2778062689101,95.1600132460001,93.2985987091696
"Immunization, DPT (% of children ages 12-23 months)",SH.IMM.IDPT,European Union,EUU,88.5477074443988,90.9372276057533,91.2613075829472,86.304386267449,90.7685296403663,91.8076648483664,93.0942253124598,93.8131880584836,93.9814661208721,95.7039124466121,93.8732151305271,95.3397677631926,95.6023320403531,96.7691335349561,96.3652607608057,96.3297480551028,96.9702504056223,96.9188434586432,96.9360901443892,96.5881894618128,96.9220015128562,96.6119461275525,96.8854513003814,94.6080363457411,95.1084617225796,95.1641493005826,94.5450586196634,93.945147685153,94.0080921238694,94.2318230738078,93.8353500592667
"Immunization, DPT (% of children ages 12-23 months)",SH.IMM.IDPT,Fragile and conflict affected situations,FCS,57.0885071808552,43.5097383008029,44.8363395251933,44.1201158052099,49.5392136515687,49.0159630723791,47.26167415867,45.6859731742088,43.9564403993679,46.1181575313817,47.6218012546901,47.4858415652992,48.6128889926062,51.4026988328637,55.4034904410351,58.0660013768372,59.6881057686382,61.6316652251128,65.0757197068511,69.2765121085836,67.3768394964459,67.8326282838524,63.2970040805885,63.2032400871834,64.2802518320024,63.7732499077616,66.878028174256,68.1557795212119,69.2537672516718,71.1543468609947,68.0472751722743
"Immunization, DPT (% of children ages 12-23 months)",SH.IMM.IDPT,Heavily indebted poor countries (HIPC),HPC,51.6677856618126,44.919004045936,44.8457445509764,47.7957048207635,50.3371605644381,52.0820923197594,51.7903884499964,50.9945558526103,48.932482669875,49.3832524624372,52.185267544975,54.3890101146903,56.8262891371847,61.0709499906432,64.4086345004939,68.0287402626826,69.387535659205,71.4333686414665,72.4482831763199,74.355806438671,74.6285700525226,76.1427584419384,76.5010734266396,75.3575092238604,76.880825775161,76.7701962344943,77.7216147469853,77.9642930852485,77.4385140375022,77.4671091303291,74.8547010941668
"Immunization, DPT (% of children ages 12-23 months)",SH.IMM.IDPT,High income,HIC,88.5232571158435,88.7199133624674,86.1004543964676,86.9439312310892,90.9390054974903,90.3166904172594,92.7946637732512,90.4913711192998,91.0702073380595,93.1825327810236,93.0949783796853,94.6328089785848,94.8244969348546,95.7697515054861,95.6234423776796,95.863330032992,96.2385780627847,95.9857581017653,96.0953411207311,95.6781398287991,95.687419338593,96.0134947204016,95.6143436860978,94.9066418219279,95.3600915601878,95.3913960487409,95.4538984437512,94.9503755667858,94.8792182679395,94.9027174108351,94.154934145306
"Immunization, DPT (% of children ages 12-23 months)",SH.IMM.IDPT,IBRD only,IBD,80.6290106297658,76.8197348534638,75.2055269617431,75.7814788888517,77.4356631325278,77.5998654381223,76.9948404306014,76.4437835659227,76.5694356320335,76.3541564456679,76.4367877050735,77.0116200317652,76.15161551773,77.394028879048,78.9054544066942,79.9223927834305,81.2639768304956,81.0200159002889,84.3518501641641,86.63588754475,88.2001745625752,89.2552964009588,89.6428736956704,89.360751853947,89.7627114980656,90.2092220931336,90.7512471857505,90.7658129638239,91.1723532809373,90.8134168689944,87.1704539174132
"Immunization, DPT (% of children ages 12-23 months)",SH.IMM.IDPT,IDA & IBRD total,IBT,74.6995067927271,70.0823402309159,68.6528988343039,68.4226612872253,70.7551031947295,71.2089807378203,70.142015934241,69.5713231581398,69.3904511820884,69.6493381936119,70.2158480223069,70.8043251701035,70.4796839550666,72.2237103755867,74.4663316719024,75.3882073594275,76.6283124535588,76.6346395012434,79.5033385385354,81.8208461748615,82.4259332947292,83.6083932583693,82.8561190993244,82.5659453967794,83.6284380093524,83.7981531211703,84.9820320003504,85.0175533119337,85.7545376845269,85.9771381477056,82.5240725124352
"Immunization, DPT (% of children ages 12-23 months)",SH.IMM.IDPT,IDA blend,IDB,58.919172460228,50.3742651430019,50.9479504229312,41.8155723036928,49.0621396712352,54.5914813468072,46.9237335716491,46.647347266537,48.0673304189604,52.6904065127117,53.0028128141743,52.6130326907033,52.8623904854254,54.4812955278229,56.8439470724331,57.212907715881,57.641340732792,56.7080487846947,61.1493385582956,64.7414824775212,62.626890015673,65.1763736537918,59.926216422903,60.2893337011879,63.3120713704547,63.768842265758,69.3972815687675,69.0436369139179,73.6020055288307,76.8177188545087,73.5042084652521
"Immunization, DPT (% of children ages 12-23 months)",SH.IMM.IDPT,IDA only,IDX,58.4685478966404,52.7899372363111,51.8577716808051,55.1298224225808,58.2974776008522,57.7304285563681,59.2847636832983,59.139753449693,57.7138172606179,57.6853384630329,60.4132169270414,61.9092755814768,63.2172508338626,66.8823156097645,71.4382307832806,72.574745425893,74.1599915063936,75.6491856405189,76.6180037459673,78.502777689388,78.2593654403731,79.2776127615901,78.3369498691396,77.5858443013399,79.3275100649565,78.9319751533868,79.4809967775444,79.9476733146776,79.5465190572372,79.996279969612,77.3922329763045
"Immunization, DPT (% of children ages 12-23 months)",SH.IMM.IDPT,IDA total,IDA,58.6228834800015,51.959058913055,51.5351451483975,50.4168940518937,55.0388104102044,56.6264477372334,54.9493369286601,54.7621450950672,54.3335476352784,55.9355518019572,57.8092462946257,58.6281898974625,59.5518433342195,62.4918875046908,66.2618129786308,67.1237588851073,68.2938111914938,68.8793622391348,71.0425886864392,73.4957832574254,72.521373480339,74.1135238643536,71.5800979661298,71.2570422951601,73.4953135563992,73.4224505076516,75.8334418977392,76.041314707376,77.4384593281052,78.8797443692867,76.0397082404994
"Immunization, DPT (% of children ages 12-23 months)",SH.IMM.IDPT,Late-demographic dividend,LTE,92.4926351976066,91.466681233622,87.2294105099198,86.0667111839096,85.1494400329898,82.8777174728831,84.3530797622714,85.264289998207,86.6510462074724,87.7546857754541,88.7390512099692,89.4074506833428,88.55895511958,90.1185890598733,90.5223289120923,90.9752703115142,94.3887100831346,94.2932051287861,96.7879894832714,98.0625789828619,97.7827635630503,97.8325856739416,97.7193709863135,95.9969847747538,97.3604927399894,97.8572051252011,96.9150990802267,96.3620874196873,95.7817176937942,94.7827679270767,94.8793248556215
"Immunization, DPT (% of children ages 12-23 months)",SH.IMM.IDPT,Latin America & Caribbean,LCN,68.033916999329,77.7254990794327,77.2698282172503,78.6234900417056,80.1171211349941,83.1619301891062,81.6892701695029,82.8266952259479,85.6976064604111,88.6252587492889,90.6337912487623,89.9450328597377,91.3110188305542,92.5441790499079,93.1840057998482,93.5603741406381,93.4284773904332,92.8501747594453,92.0925509903735,93.7285409698825,93.2767509439943,92.8779975240115,93.2987356219436,89.9765264621189,88.6860043023542,89.8564771630599,89.5252269182619,84.8083787424849,85.9316526627923,79.8749196658701,76.2017953256467
"Immunization, DPT (% of children ages 12-23 months)",SH.IMM.IDPT,Latin America & Caribbean (excluding high income),LAC,66.9641269989558,77.7564526914634,77.237865101436,78.7156129355463,80.4860283910611,83.5945460780812,82.6329657193399,83.6483294151235,88.0534256469714,89.15267887457,91.3648321149666,90.8077467227992,92.5736317997272,93.9056554088676,93.6229318564735,94.0299161417095,94.83873114359,94.7541864292063,94.6683752095679,94.4362730546437,94.2678327632328,93.8491832257847,94.2042814757083,90.4350892346024,89.1713955957037,89.9416323828164,89.6280510149344,85.5832100931742,87.0440162405725,80.0173161732444,76.633746599409
"Immunization, DPT (% of children ages 12-23 months)",SH.IMM.IDPT,Latin America & the Caribbean (IDA & IBRD countries),TLA,67.6238026267744,77.3640265395141,76.996234861446,78.3153412090257,79.8477870823331,82.9480792443067,81.5785106556364,82.6150499587369,85.5227983021487,88.5453556446556,90.5719054687179,89.8344638701023,91.2093406888621,92.8097356934154,93.2504185585042,93.6180247998563,93.4817287255001,92.8472750198509,92.0582456128636,93.7007265817548,93.2410382421568,92.8247738821047,93.2251438451432,89.8613240947273,88.557356386987,89.7447345211559,89.4103892974071,84.6373569356819,85.7803842210861,79.6524293546811,75.9410291526227
"Immunization, DPT (% of children ages 12-23 months)",SH.IMM.IDPT,Least developed countries: UN classification,LDC,55.8991646701147,49.7651900712491,48.0930462566379,51.9504106819341,54.968651658895,54.1863312483856,56.0415244892635,56.1515393300586,54.7684817818124,53.8884894631317,56.8369873019854,59.0232234700592,60.5382500382013,64.3843056396082,69.3270562123178,70.3453938434841,72.0227632983861,73.2208575508267,74.3369875817597,76.2544776370212,76.0070954202588,77.3754853668225,76.72848923316,76.075066142457,77.6143751747649,77.5160640092691,78.0137803778677,78.254774040212,78.251140031754,78.5454163709628,75.9663184702239
"Immunization, DPT (% of children ages 12-23 months)",SH.IMM.IDPT,Low & middle income,LMY,75.0525338804541,70.8485275759384,69.4586240803702,68.9414810147744,70.6409809922856,71.1945740808483,70.054804494776,69.3694379902274,69.6249714856274,70.0276544297708,70.6139440328691,71.2510387263585,70.8650288051873,72.6377944848661,74.864846426038,75.7380840310157,77.0850998850509,77.0536065332267,80.007118501839,82.1502404125359,82.737596070015,83.8878514759956,83.1948385549992,82.9140664122059,83.989681336426,84.1238143660181,85.3339141402508,85.4746612977545,86.374163455241,86.6503651062642,83.0813379842802
"Immunization, DPT (% of children ages 12-23 months)",SH.IMM.IDPT,Low income,LIC,53.7426026802547,47.54886262331,47.566551713373,48.3770342586637,42.8239453244959,45.1129224517183,45.2193658944485,43.8176097089175,44.6705081005043,48.6071709829886,51.435362304953,53.6170477998149,55.4966046470024,59.9791446356287,64.5450162674228,69.2990839821704,70.5995630856533,72.6428420033802,72.9322531773881,74.4430915016885,73.751260557412,75.1581410470269,74.7232059465188,74.0601073462756,74.9506768732309,74.4978593446025,75.3027016609995,76.1003960906612,76.3798779606623,77.4712073560769,74.1924002623389
"Immunization, DPT (% of children ages 12-23 months)",SH.IMM.IDPT,Lower middle income,LMC,68.8828099432952,60.6294708058437,59.8169599682517,60.9205673987062,66.2726548794452,68.5945523399652,65.4986517367575,63.9558436511587,63.8122216974164,63.6283795370896,63.9327952085752,64.6289579021849,64.2129706369358,66.8864449793764,69.4396632730854,69.8514781404565,70.202673169119,69.4687044165363,73.4346286942261,76.5242382005756,77.8468105232748,79.7688935405323,78.1218992392723,77.592769317296,80.315661383631,80.9886690116107,83.2755687607501,83.4404275860309,84.6838801774593,86.1792263432515,82.3057231607664
"Immunization, DPT (% of children ages 12-23 months)",SH.IMM.IDPT,"Middle East, North Africa, Afghanistan & Pakistan",MEA,74.0959697263962,68.3217515067156,67.0786039812262,65.3761561043741,63.8384781914407,72.2762362972298,68.8272159554033,69.8656898954061,71.9699220878418,73.5637090095065,74.730941738503,75.994990801973,76.0216961516952,77.1296138728353,79.1535369904678,77.7291817117873,76.4964245030346,75.0954632212242,75.4326762505294,75.5597531558616,75.4813995878957,79.1959063398414,77.8866760992135,78.8901552172511,80.0252844863672,80.478718897538,82.1591013871709,82.4679546858913,84.1873521054241,85.3001612003359,81.6075081781519
"Immunization, DPT (% of children ages 12-23 months)",SH.IMM.IDPT,"Middle East, North Africa, Afghanistan & Pakistan (excluding high income)",MNA,73.2103243753754,67.1150350558931,65.7464424609185,63.8159292367511,62.1334643233104,70.9559303993978,67.4097790846088,68.5163803723935,70.6841821505011,72.4130017122675,73.5622442869052,74.8406347733395,74.959679287316,76.1024812420168,78.1838573672391,76.6872162036507,75.3673092403638,73.8766982519164,74.1723502061653,74.2875293136522,74.2098789640422,78.1383559246375,76.7477001583062,77.7637354980161,78.9839793730442,79.423059963848,81.2052784337463,81.4962786156759,83.3995576546499,84.578559484483,80.7652392735078
"Immunization, DPT (% of children ages 12-23 months)",SH.IMM.IDPT,"Middle East, North Africa, Afghanistan & Pakistan (IDA & IBRD)",TMN,73.2103243753754,67.1150350558931,65.7464424609185,63.5735892966607,61.8366327309805,70.7170259904964,67.1514162486077,68.271749736379,70.4398618048121,72.264379525155,73.3866127226568,74.6408247314422,74.7625864142378,75.9074341998436,78.0261223473802,76.5167891973922,75.1852989848301,73.6577498745684,73.9862292657389,74.0974747255308,74.0033903221065,77.9627499091254,76.5762088118655,77.5858081903694,78.8179850792045,79.2597448749456,81.0535496850082,81.3432821126413,83.2621188230909,84.4513418885764,80.6123053677767
"Immunization, DPT (% of children ages 12-23 months)",SH.IMM.IDPT,Middle income,MIC,76.982347240281,72.9704040829145,71.4765430886171,70.9694377208674,73.5016457186773,73.9587594596602,72.7730252276142,72.2585455918165,72.5161745979149,72.5644827932737,72.9349727103809,73.4173531782759,72.788537032962,74.264058092191,76.2201221430989,76.6004437405259,77.9713744228555,77.6687393154555,81.0116177123892,83.2611394866687,84.049833857058,85.2134122224632,84.5029892809471,84.2941987514061,85.4188175758152,85.674045595414,86.9804957463485,87.0433226513124,88.084273183811,88.2888939035866,84.7411312293742
"Immunization, DPT (% of children ages 12-23 months)",SH.IMM.IDPT,North America,NAC,89.8205468374989,86.1817606184316,83.5477332601018,88.1832721228203,93.9086354406206,94.2682374399187,94.5399493101644,95.0882833288294,95.4694715987692,95.4872706192379,93.5817463380611,93.5923395544551,93.5234350478878,95.6043152125289,95.6030964122126,95.7610768185097,95.9202994151564,95.8410441807205,95.6787293054931,94.6700259594656,94.4911343522125,95.2197313137567,93.7361638990306,93.7342896854463,94.6440244519192,94.6448623326597,94.6459103445804,93.7336204917781,93.7318327683196,93.7297730655333,92.9095651746742
"Immunization, DPT (% of children ages 12-23 months)",SH.IMM.IDPT,Not classified,INX,..,..,..,..,..,..,..,..,..,..,..,..,..,..,..,..,..,..,..,..,..,..,..,..,..,..,..,..,..,..,..
"Immunization, DPT (% of children ages 12-23 months)",SH.IMM.IDPT,OECD members,OED,82.9836957149186,86.7279524790868,86.5335552101764,85.8595699350512,90.3536731078193,88.9064562902772,91.5932630489494,89.7585029041584,89.6678189809789,91.1478874562131,91.8053014808225,93.3929958731733,92.7900274825678,93.6267176276981,94.6125019579865,95.3415561588661,95.7289036613289,96.0572723208307,95.7073917942927,95.1828579481515,95.1479380667742,95.6779706694759,95.8938057497634,92.9646146058776,93.7712348163624,93.9966177416274,94.9354116402092,93.4026988180471,93.9306477873932,93.268377022251,90.9861121968073
"Immunization, DPT (% of children ages 12-23 months)",SH.IMM.IDPT,Other small states,OSS,89.6360047421109,80.5268845037692,70.6328086134145,79.5440597345423,81.9501260328987,81.9253550789988,80.203558286332,77.8760805262841,79.2994858574341,78.7992303989463,82.4873793407061,83.457913829276,81.3953015462636,82.9023043418914,81.95059730404,82.4511189077608,84.212060397099,87.6126293308021,90.1941060838513,89.163132760721,88.1288527111052,88.4454293523198,91.273333746018,91.5142112997455,89.9007971933404,88.9565544087919,86.9753098096277,88.6443162905347,89.5545015152844,89.3640112744367,85.8253582307368
"Immunization, DPT (% of children ages 12-23 months)",SH.IMM.IDPT,Pacific island small states,PSS,88.8537701629155,86.3068777876896,87.1474195355787,85.2126445465615,83.4339708317752,84.0093724640395,85.2123610777964,81.8368746803971,82.5449797428219,85.9688869645129,86.1073758552196,84.7110117482027,84.8309270450548,86.6278871499535,85.0089709854189,86.5037720685454,87.9966868374748,88.4646075742346,85.3240137684338,88.1645181502987,88.7246181454314,91.7074524807685,91.4417416667338,89.4263620019904,85.999880383729,88.4081267042932,88.8086107005383,84.8154009441435,84.4530007086721,91.3353020263133,91.5797191359765
"Immunization, DPT (% of children ages 12-23 months)",SH.IMM.IDPT,Post-demographic dividend,PST,87.7447580447143,88.1651234676663,87.3269555817563,88.0023847963489,91.1072465145885,91.4061479539156,93.8648305900651,90.6342536856737,90.9454614158445,93.0461205815035,92.6984117411697,94.3983010216249,94.5343784220105,95.1265356139127,95.4325994119379,95.5900442239227,96.0880232504012,95.8227061947164,95.5901811464262,94.2781230123616,93.5795382177737,94.022124566348,94.6762716695846,93.6207742975527,91.7801019490182,92.0116455698407,92.0093313230084,92.9371415481744,93.6269969556643,94.0583756631271,93.504376287619
"Immunization, DPT (% of children ages 12-23 months)",SH.IMM.IDPT,Pre-demographic dividend,PRE,54.1917641089593,47.6672209217187,49.3104238875522,46.8301181243658,49.4876336528963,48.0599496721323,46.0400909835429,44.4913048606717,44.3782070893848,47.9129836797836,49.5356912744897,51.2411597364294,52.5672862436056,55.8471150759096,59.4407573085101,62.1913414149458,63.7506186524448,65.0770641808633,68.7564355022994,72.3754530923897,70.6683324281955,71.2757820330827,67.8521652864722,67.5159761545492,69.460904944426,68.9622754836249,72.1472359159919,72.7821511612546,75.1435198356922,76.4274758143604,73.1439839593672
"Immunization, DPT (% of children ages 12-23 months)",SH.IMM.IDPT,Small states,SST,88.1989415574363,82.3113178461261,76.8571209388029,82.3682337835353,83.5734219511972,83.9503409374888,82.7382208635504,81.458498753726,82.8701435117284,82.2276997656626,84.4737089618748,84.8064501860977,83.8004459108896,84.998576859343,84.6939506664494,85.4236402164098,86.4073216479224,88.599522287153,89.5770838908949,89.9315202241698,89.4316409132959,89.6025902158757,91.4608703146707,91.296816510903,89.5040833601059,89.4816141345711,88.6193955183303,87.7961803487752,89.4445891889242,90.3464094623335,86.8452138187713
"Immunization, DPT (% of children ages 12-23 months)",SH.IMM.IDPT,South Asia,SAS,69.4929601199409,59.0907486011039,57.3684165696255,62.5683219774113,68.8325186591703,70.6251677669134,67.5013709146644,64.5734957867519,63.4316923986412,62.0245413338985,61.6327528192172,62.7739110131619,62.5299183555347,64.8334694603356,67.9397933944077,68.8573847885932,69.2423238680649,68.231009555666,73.562764323692,77.3094997109222,81.1844855675905,83.9213298899628,83.6452622207993,84.7482134624682,86.590687290438,88.4275947390716,89.2178168358011,90.1353353629688,91.0258799504381,91.936868992899,86.5064748081605
"Immunization, DPT (% of children ages 12-23 months)",SH.IMM.IDPT,South Asia (IDA & IBRD),TSA,69.4929601199409,59.0907486011039,57.3684165696255,62.5683219774113,68.8325186591703,70.6251677669134,67.5013709146644,64.5734957867519,63.4316923986412,62.0245413338985,61.6327528192172,62.7739110131619,62.5299183555347,64.8334694603356,67.9397933944077,68.8573847885932,69.2423238680649,68.231009555666,73.562764323692,77.3094997109222,81.1844855675905,83.9213298899628,83.6452622207993,84.7482134624682,86.590687290438,88.4275947390716,89.2178168358011,90.1353353629688,91.0258799504381,91.936868992899,86.5064748081605
"Immunization, DPT (% of children ages 12-23 months)",SH.IMM.IDPT,Sub-Saharan Africa,SSF,56.0274436198277,48.5276921880054,48.9511539797219,48.8313376936129,53.2883118479037,52.2712748414126,50.0006717655905,48.6150834626839,47.2526898510129,48.5215332056862,50.4310043202902,51.2911761704388,52.6854345273988,55.7112966280257,58.7949389215946,62.0960732750988,64.1451616008123,65.9611977107689,69.0449835901359,72.3319703501723,71.2503998360964,71.8123674264478,68.6696758893204,68.5476255539634,70.7869543277194,70.2668570418098,73.19595391451,73.6621354004071,75.0175254522947,76.3082768656683,73.6934712988402
"Immunization, DPT (% of children ages 12-23 months)",SH.IMM.IDPT,Sub-Saharan Africa (excluding high income),SSA,56.8252817659897,51.7344130170681,53.2436072080639,51.3557352180039,52.8269943253503,51.6774878204304,49.3717375304337,47.8143087166265,47.9076948395729,51.0902283120518,52.976956734487,53.677083682692,54.8574857166987,57.9987252286622,61.1921905507753,64.3844015170001,66.3008882549873,67.8322114288722,70.7796128226247,73.9514253933732,72.379744726951,72.5385037633153,69.4761395506098,69.5361107426195,71.7837476288263,71.1047730736041,74.1375014462008,74.5644886010695,76.3958460499577,77.9561786282012,74.9781406620613
"Immunization, DPT (% of children ages 12-23 months)",SH.IMM.IDPT,Sub-Saharan Africa (IDA & IBRD countries),TSS,56.0274436198277,48.5276921880054,48.9511539797219,48.8313376936129,53.2883118479037,52.2712748414126,50.0006717655905,48.6150834626839,47.2526898510129,48.5215332056862,50.4310043202902,51.2911761704388,52.6854345273988,55.7112966280257,58.7949389215946,62.0960732750988,64.1451616008123,65.9611977107689,69.0449835901359,72.3319703501723,71.2503998360964,71.8123674264478,68.6696758893204,68.5476255539634,70.7869543277194,70.2668570418098,73.19595391451,73.6621354004071,75.0175254522947,76.3082768656683,73.6934712988402
"Immunization, DPT (% of children ages 12-23 months)",SH.IMM.IDPT,Upper middle income,UMC,85.9038236136527,86.5203070569882,84.7420004188235,83.4349076685707,82.8154665590609,81.0795783567913,82.6895305407384,83.8548282716668,85.005510223791,85.7263685487444,86.5187780817777,86.8316705740599,86.1504159226742,86.0525445693943,87.1391905544917,87.4441810371012,90.3410271072893,90.6410031487543,92.9211623842381,93.7746859459776,93.6990063687257,93.696075492479,94.4505924205681,94.5397016095763,93.1733861432293,92.8047851211746,92.6737541046889,92.6628034176009,93.3570554952416,91.6981717825953,88.9005223319713
"Immunization, DPT (% of children ages 12-23 months)",SH.IMM.IDPT,World,WLD,76.0328780259763,71.9086579487743,70.5003303734906,70.3932247618567,72.7774534873119,73.1551363907521,72.3344416430361,71.4546866235014,71.3527978207708,71.7899999204748,72.2994955251968,73.0021035277611,72.7075654530744,74.3679350927286,76.3943527823862,77.2663577510839,78.4475079215323,78.4444790939419,81.0602407313777,83.1138285248318,83.6604991780953,84.761554230692,84.0262968351587,83.6585144643451,84.6611060170818,84.8333672144387,85.913662261267,85.9194849414335,86.5652440683969,86.7602356483201,83.5470028015877
,,,,,,,,,,,,,,,,,,,,,,,,,,,,,,,,,,
,,,,,,,,,,,,,,,,,,,,,,,,,,,,,,,,,,
,,,,,,,,,,,,,,,,,,,,,,,,,,,,,,,,,,
Data from database: World Development Indicators,,,,,,,,,,,,,,,,,,,,,,,,,,,,,,,,,,
Last Updated: 04/08/2026,,,,,,,,,,,,,,,,,,,,,,,,,,,,,,,,,,
Code,License Type,Indicator Name,Long definition,Source,Topic,Dataset,Unit of measure,Periodicity,Reference period,Aggregation method,Statistical concept and methodology,Development relevance,Limitations and exceptions,Other notes,License URL
SH.IMM.IDPT,CC BY-4.0,"Immunization, DPT (% of children ages 12-23 months)","Child immunization, DPT, measures the percentage of children ages 12-23 months who received DPT vaccinations before 12 months or at any time before the survey. A child is considered adequately immunized against diphtheria, pertussis (or whooping cough), and tetanus (DPT) after receiving three doses of vaccine.","World Health Organization (WHO), uri: http://www.who.int/immunization/monitoring_surveillance/en/;
UN Children's Fund (UNICEF)",Health: Disease prevention,WB_WDI,Percentage,Annual,1980-2024,Weighted average,"Methodology: The data shown here are based on an assessment of national immunization coverage rates by the WHO and UNICEF. The assessment considered both administrative data from service providers and household survey data on children's immunization histories. Based on the data available, consideration of potential biases, and contributions of local experts, the most likely true level of immunization coverage was determined for each year. Notes on regional and global aggregates: When the vaccine is not introduced in a national immunization schedule, the missing value is assumed zero (or close to zero) in the relevant groups' averages.
Statistical concept(s): Governments in developing countries usually finance immunization against measles and diphtheria, pertussis (whooping cough), and tetanus (DTP) as part of the basic public health package.","Immunization is one of the most cost-effective public health interventions, and is an essential component for reducing under-five mortality. Immunization coverage estimates are used to monitor coverage of immunization services and to guide disease eradication and elimination efforts.",In many developing countries a lack of precise information on the size of the cohort of one-year-old children makes immunization coverage difficult to estimate from program statistics.,This is the Sustainable Development Goal indicator 3.b.1 [https://unstats.un.org/sdgs/metadata/].,https://datacatalog.worldbank.org/public-licenses#cc-by
